filename,file_size,file_attributes,region_count,region_id,region_shape_attributes,region_attributes
1.jpg,5769,"{}",3,0,"{""name"":""polygon"",""all_points_x"":[67,66,63,63,63,64,62,58,57,55,56,60,62,62,63,65,69,69,68,70,70,68,65,58,55,59,60,59,56,54,52,50,49,47,45,45,45,44,42,42,43,41,39,37,34,29,31,34,35,35,34,34,36,36,36,35,35,37,39,38,39,44,49,51,54,52,49,47,51,56,57,57,57,58,57,58,62,67],""all_points_y"":[10,16,18,28,41,52,61,66,73,80,89,97,107,120,130,135,146,157,164,166,171,175,180,180,178,169,162,152,139,133,128,123,117,123,128,133,141,146,151,156,161,164,167,171,173,171,168,154,137,128,118,110,98,86,77,71,66,60,55,43,36,28,21,17,19,23,27,33,34,36,27,22,18,14,10,6,7,8]}","{""action"":""stand""}"
1.jpg,5769,"{}",3,1,"{""name"":""polygon"",""all_points_x"":[154,158,164,168,173,178,179,177,174,169,167,164,162,160,156,154,150,146,144,145,147,149,150,149,150,152,151,144,137,132,130,136,140,141,140,138,134,132,132,133,129,126,129,129,129,130,130,131,129,124,119,113,110,109,113,117,120,122,121,119,117,117,116,115,118,122,126,129,132,129,128,125,121,117,115,113,112,111,108,104,102,99,98,98,97,99,102,107,112,118,124,126,122,116,115,118,122,128,134],""all_points_y"":[84,89,96,101,103,106,109,113,114,112,109,106,109,114,118,121,124,127,130,134,137,141,149,157,163,165,173,175,175,174,170,168,164,160,149,142,135,130,126,124,126,129,134,140,148,155,161,166,167,167,168,168,167,164,162,159,158,155,149,143,137,133,129,124,120,115,110,106,102,102,100,99,99,97,92,88,85,82,82,82,78,75,72,69,65,61,59,57,56,56,57,61,62,61,66,71,71,73,74]}","{""action"":""bend""}"
1.jpg,5769,"{}",3,2,"{""name"":""polygon"",""all_points_x"":[243,246,247,245,241,238,233,236,237,239,240,242,243,243,240,234,229,224,224,228,232,232,229,223,220,217,214,212,212,213,209,207,204,199,196,196,195,200,201,199,196,196,192,189,191,191,190,190,186,186,187,191,193,193,191,191,192,193,190,187,185,183,183,185,189,192,195,200,203,204,206,207,212,218,223],""all_points_y"":[112,118,124,128,133,135,137,140,147,154,158,159,165,169,170,174,174,172,169,165,162,159,150,144,139,135,142,148,153,158,161,166,170,169,166,162,157,154,151,147,144,150,153,153,144,140,134,132,131,125,122,119,116,111,108,103,100,98,97,96,91,88,82,77,74,72,70,71,74,78,83,87,88,91,96]}","{""action"":""squat""}"
2.jpg,30578,"{}",2,0,"{""name"":""polygon"",""all_points_x"":[354,366,382,401,415,417,419,419,415,409,406,399,393,391,396,401,403,407,412,414,399,376,365,365,369,377,382,386,389,381,377,371,373,373,369,365,363,363,364,352,339,325,317,311,311,316,327,338,345,347,348,347,346,350,362,367,369,366,360,351,345,341,332,330,339,341,343,335,319,308,304,300,296,285,271,259,252,247,251,255,265,276,284,296,303,316,328,343],""all_points_y"":[121,125,134,149,161,168,177,191,201,207,220,235,246,254,276,298,320,334,348,358,361,359,356,351,347,345,336,330,316,293,278,271,285,300,315,332,346,359,371,372,369,363,358,349,343,342,345,341,335,324,288,269,255,242,224,213,207,201,219,234,251,265,263,247,227,209,197,188,180,175,171,167,175,173,169,167,161,149,137,130,124,123,125,131,124,121,118,119]}","{""action"":""bend""}"
2.jpg,30578,"{}",2,1,"{""name"":""polygon"",""all_points_x"":[181,185,183,177,173,163,149,143,140,135,129,122,115,111,107,107,104,105,110,108,102,105,101,95,89,81,73,69,17,23,27,27,28,37,44,39,29,21,17,12,11,12,23,33,43,55,67,79,96,110,123,123,117,114,127,145,159,173,179,182,181],""all_points_y"":[95,103,111,118,129,130,133,137,148,156,164,175,190,201,211,230,251,268,289,297,301,314,329,347,359,377,397,411,410,390,360,346,332,321,305,298,287,276,264,258,249,156,143,135,128,121,116,111,105,102,103,95,89,80,71,66,63,70,79,82,90]}","{""action"":""bend""}"
4.jpg,314265,"{}",2,0,"{""name"":""polygon"",""all_points_x"":[489,490,486,471,457,445,438,446,442,431,422,415,408,418,427,439,450,458,451,435,422,430,421,417,416,409,405,406,413,431,458,467,456,420,391,366,366,375,377,377,374,371,366,358,358,356,353,333,317,303,286,273,269,277,288,293,285,260,243,226,211,212,230,244,263,274,285,301,311,314,306,299,294,285,280,278,278,282,282,281,282,291,310,327,342,354,370,392,412,419,422,425,434,449,461,468,478,486,489],""all_points_y"":[76,98,115,128,122,125,136,147,166,187,201,224,236,258,278,290,304,318,330,345,339,330,314,302,332,348,380,408,422,434,447,462,474,471,471,469,446,422,397,382,358,335,316,322,347,374,390,400,418,430,444,462,478,497,510,521,529,530,520,507,499,480,465,448,433,414,394,378,370,358,342,314,290,273,253,219,204,192,173,156,140,130,122,114,106,96,89,82,83,83,67,53,42,35,37,40,44,54,62]}","{""action"":""stand""}"
4.jpg,314265,"{}",2,1,"{""name"":""polygon"",""all_points_x"":[938,941,963,974,972,964,959,948,944,953,962,966,974,986,994,994,970,944,923,906,902,910,926,938,940,935,926,911,902,894,880,870,860,855,850,849,842,840,841,845,846,826,809,792,769,756,760,778,794,805,810,809,810,814,817,822,826,832,835,843,838,837,810,787,778,770,756,749,745,748,734,727,712,707,704,706,708,719,731,746,758,768,775,794,814,829,853,874,896,918,930,936,935],""all_points_y"":[167,170,197,227,247,269,298,323,332,349,369,396,422,452,484,502,507,498,498,489,475,463,458,455,430,408,384,358,339,349,347,361,378,399,418,441,454,479,510,543,566,573,572,562,556,547,528,525,512,493,462,436,408,385,364,347,330,311,291,276,270,255,246,232,222,215,214,201,187,170,178,173,159,150,134,117,106,98,92,90,98,108,121,118,114,114,120,126,129,136,142,153,166]}","{""action"":""bend""}"
10.jpg,33673,"{}",2,0,"{""name"":""polygon"",""all_points_x"":[437,461,481,491,495,487,481,469,457,451,443,451,459,468,465,445,416,407,409,392,359,347,349,369,381,384,375,373,378,380,376,375,371,369,364,353,341,331,329,327,315,308,311,313,319,327,333,344,351,351,343,337,332,347,362,384,409],""all_points_y"":[135,145,161,177,188,197,210,226,247,259,274,295,318,337,347,347,343,344,355,358,355,355,351,343,332,320,315,305,291,276,257,245,226,211,219,230,245,254,263,279,279,269,254,243,231,211,205,197,187,174,161,155,149,139,134,132,130]}","{""action"":""bend""}"
10.jpg,33673,"{}",2,1,"{""name"":""polygon"",""all_points_x"":[279,291,299,305,321,335,345,349,349,343,332,322,313,305,299,295,298,303,315,319,313,305,295,292,293,292,297,301,301,313,324,327,317,301,293,287,273,268,265,259,255,257,257,255,235,241,255,267,269,253,234,212,205,204,210,210,210,211,211,206,201,195,190,186,169,175,195,191,171,151,141,138,145,149,153,160,159,153,140,135,131,132,139,151,172,194,204,229,257,272],""all_points_y"":[153,155,163,155,153,156,164,177,188,198,209,215,213,219,219,217,228,227,228,234,243,246,242,256,272,287,303,317,331,341,349,360,363,361,348,330,325,303,285,269,289,313,332,338,339,347,353,361,367,368,369,366,363,350,332,314,300,291,279,272,287,307,325,329,331,338,344,349,351,355,355,346,331,318,296,277,259,243,221,209,190,176,158,152,150,144,141,145,151,153]}","{""action"":""bend""}"
11.jpg,4556,"{}",1,0,"{""name"":""polygon"",""all_points_x"":[150,154,158,168,179,190,197,201,198,192,180,177,170,160,147,134,125,120,114,104,96,96,99,100,99,100,100,100,100,99,102,111,113,106,95,83,75,73,72,69,67,68,68,62,56,51,48,46,46,53,63,74,84,92,101,112,118,123,124,130,134,142,147,150,152,152],""all_points_y"":[40,46,50,55,62,67,72,75,80,81,80,74,72,70,66,61,56,54,57,58,56,68,78,86,94,105,118,129,144,153,160,167,172,174,173,172,170,161,146,133,120,110,102,92,83,74,65,57,46,36,29,24,20,18,17,21,23,26,21,15,12,13,15,22,28,34]}","{""action"":""bend""}"
15.jpg,376801,"{}",1,0,"{""name"":""polygon"",""all_points_x"":[791,809,828,834,828,820,802,783,764,750,733,722,733,742,753,766,776,771,744,708,680,664,678,706,705,684,664,646,654,653,653,685,693,697,684,672,673,654,638,621,613,601,583,564,557,580,593,615,618,621,611,604,595,585,577,572,578,564,554,548,544,547,553,568,584,600,610,617,620,622,642,676,708,738,764],""all_points_y"":[162,180,210,237,265,290,301,301,313,334,356,369,412,438,471,492,518,540,540,537,535,522,506,502,474,446,411,384,355,334,318,291,276,255,267,276,297,314,330,328,350,376,387,384,370,339,312,281,261,250,229,211,200,188,169,149,140,124,106,94,79,60,40,29,28,36,48,63,79,90,94,110,121,134,145]}","{""action"":""bend""}"
16.jpg,405806,"{}",1,0,"{""name"":""polygon"",""all_points_x"":[719,738,754,770,776,774,759,754,749,749,759,775,789,798,807,821,835,856,883,885,859,828,814,802,783,774,765,755,735,715,709,704,685,675,678,670,665,645,633,630,620,599,587,578,576,594,606,618,633,650,664,677,678,662,636,619,581,552,551,580,593,589,572,528,516,510,503,501,496,482,472,465,462,453,449,434,431,426,412,413,408,405,406,422,454,479,499,521,549,579,621,645,668,691,701],""all_points_y"":[112,139,172,205,233,263,267,307,335,358,381,400,419,465,507,550,573,603,635,659,679,679,661,640,614,592,563,532,487,457,427,406,376,352,321,295,287,304,319,344,366,384,409,437,460,491,512,548,588,618,648,671,689,711,721,739,741,740,720,693,664,628,592,537,508,478,462,435,409,383,359,330,305,271,246,216,191,169,151,122,95,74,48,28,14,13,27,52,50,45,51,66,83,92,99]}","{""action"":""bend""}"
17.jpg,65884,"{}",3,0,"{""name"":""polygon"",""all_points_x"":[35,40,42,40,38,38,39,36,37,38,27,15,16,14,17,15,8,4,3,9,16,21,20,21,27,31,33],""all_points_y"":[182,187,196,201,206,219,233,245,259,272,271,271,259,243,228,216,209,201,196,190,187,182,176,171,169,173,180]}","{""action"":""stand""}"
17.jpg,65884,"{}",3,1,"{""name"":""polygon"",""all_points_x"":[147,156,159,161,161,161,161,161,163,165,165,166,169,167,166,166,169,166,154,149,151,155,153,150,149,146,137,129,119,120,115,117,119,124,124,109,97,91,99,107,107,101,101,97,99,105,107,103,101,101,102,101,102,110,115,113,114,119,125,132,137,141,141],""all_points_y"":[123,127,134,142,151,161,173,181,199,214,230,243,262,280,297,310,321,329,327,321,309,288,267,251,240,235,231,228,228,240,250,271,287,310,324,324,325,320,315,310,299,279,265,249,243,225,215,198,183,170,156,144,136,130,125,116,106,98,95,99,105,111,119]}","{""action"":""stand""}"
17.jpg,65884,"{}",3,2,"{""name"":""polygon"",""all_points_x"":[382,399,411,426,433,435,428,418,410,403,397,397,400,399,405,360,365,363,357,349,349,351,343,335,325,312,305,290,277,266,256,249,241,236,243,253,271,281,291,308,331,359],""all_points_y"":[97,106,115,128,131,194,207,223,247,257,271,291,318,338,364,363,346,318,296,282,260,238,218,205,189,169,155,141,131,131,127,118,104,87,75,70,73,79,85,84,83,90]}","{""action"":""bend""}"
19.jpeg,157369,"{}",1,0,"{""name"":""polygon"",""all_points_x"":[405,421,439,453,457,462,465,471,456,437,423,408,395,391,403,411,417,421,426,435,437,445,421,382,357,347,346,360,369,350,327,301,285,274,273,297,312,324,327,322,315,308,302,297,289,281,269,265,262,258,266,264,261,254,247,246,243,239,235,227,219,217,215,208,197,185,175,168,166,162,165,169,175,187,200,197,203,221,234,240,237,233,243,245,246,265,281,299,331,347,374],""all_points_y"":[132,145,158,169,185,207,227,253,267,269,284,313,333,348,375,398,427,457,477,487,507,529,531,534,533,527,519,516,505,505,505,509,506,502,492,480,473,462,450,431,412,395,384,371,382,395,393,384,371,360,343,319,303,278,255,235,217,201,185,169,157,147,139,138,143,143,133,113,102,85,68,54,45,38,34,23,11,6,15,26,35,46,59,72,92,97,95,97,109,115,119]}","{""action"":""bend""}"
21.jpg,6528,"{}",1,0,"{""name"":""polygon"",""all_points_x"":[185,184,183,177,170,162,158,154,150,146,144,143,136,136,134,134,138,146,149,146,135,132,122,115,113,116,116,116,112,111,117,119,110,108,105,104,105,114,121,129,138,149,159,164,168,174,179,183],""all_points_y"":[41,41,48,52,54,56,62,69,77,86,95,104,105,112,120,127,133,134,136,138,138,140,140,139,135,126,117,107,105,97,93,87,85,72,63,54,47,39,34,30,28,28,31,34,33,32,33,36]}","{""action"":""bend""}"
22.jpg,58268,"{}",2,0,"{""name"":""polygon"",""all_points_x"":[49,54,55,56,56,53,49,50,50,50,49,47,44,42,46,55,51,39,30,28,33,33,33,28,24,17,15,13,14,16,16,4,4,4,3,3,4,7,9,10,10,5,3,3,4,7,18,22,24,25,30,36,43,47,48,48,44,44,48],""all_points_y"":[93,98,109,122,130,134,144,152,164,180,192,199,212,223,231,237,244,242,238,234,219,206,198,196,201,200,212,228,236,246,250,250,240,228,212,202,192,177,162,149,139,131,120,109,97,92,89,87,78,68,63,63,65,70,74,81,87,91,93]}","{""action"":""stand""}"
22.jpg,58268,"{}",2,1,"{""name"":""polygon"",""all_points_x"":[180,184,186,184,181,178,177,173,173,174,173,171,171,167,157,159,161,160,161,160,158,153,152,151,153,154,141,132,130,137,141,141,134,128,119,115,117,121,122,121,124,123,120,114,112,112,118,128,134,141,150,160,168,174],""all_points_y"":[143,150,158,164,174,183,189,192,201,210,221,230,241,250,250,236,224,212,202,193,191,197,206,218,230,237,240,241,235,227,223,216,223,224,224,220,215,206,194,185,178,170,166,161,155,148,142,139,136,132,131,131,134,138]}","{""action"":""bend""}"
23.jpg,175358,"{}",1,0,"{""name"":""polygon"",""all_points_x"":[408,409,418,423,412,400,394,384,359,356,353,351,347,339,333,329,325,321,318,307,312,315,307,288,283,282,308,325,325,283,251,233,241,243,239,233,234,229,215,199,188,177,168,161,157,160,168,179,190,205,226,240,258,275,290,306,329,337,344],""all_points_y"":[3,15,24,32,35,39,49,60,51,51,65,78,86,99,117,131,144,159,180,198,216,241,250,249,279,302,319,335,346,346,342,332,306,280,260,241,219,208,196,177,167,156,145,135,115,97,84,73,63,59,50,42,35,26,20,16,14,8,1]}","{""action"":""bend""}"
24.jpg,409818,"{}",2,0,"{""name"":""polygon"",""all_points_x"":[427,421,423,423,423,425,432,434,435,437,445,455,467,457,429,412,409,412,408,401,393,385,380,366,353,333,317,305,301,295,291,291,298,299,280,252,234,243,259,267,262,260,260,263,264,267,258,256,253,255,257,267,275,292,307,323,346,371,392,413,424,429],""all_points_y"":[319,337,365,393,411,431,454,479,515,543,563,584,607,615,617,604,584,556,531,508,487,513,541,559,548,547,557,536,515,500,532,561,585,605,610,623,617,597,570,543,515,491,470,447,425,401,374,361,343,326,313,301,281,269,257,249,250,253,265,282,295,309]}","{""action"":""bend""}"
24.jpg,409818,"{}",2,1,"{""name"":""polygon"",""all_points_x"":[762,774,780,779,777,788,799,810,819,818,817,817,830,841,832,807,791,779,785,789,782,777,774,771,761,759,751,743,739,731,719,703,683,678,675,668,662,658,653,645,637,634,629,625,621,623,627,625,615,597,581,577,590,596,593,593,592,595,603,607,611,616,617,626,633,643,651,663,673,677,677,681,691,701,714,725,736,742,742,747],""all_points_y"":[325,339,354,373,387,407,428,453,478,505,533,559,586,606,619,618,610,599,584,563,532,502,485,471,455,471,501,525,549,565,565,560,567,552,527,500,480,461,439,454,474,497,522,544,565,580,593,610,623,624,621,611,589,568,529,508,490,475,455,435,415,399,381,363,352,334,321,313,307,295,282,262,254,250,249,252,262,276,294,313]}","{""action"":""bend""}"
25.jpg,312677,"{}",1,0,"{""name"":""polygon"",""all_points_x"":[619,613,602,588,569,553,539,527,508,495,489,486,475,475,473,467,470,472,476,466,448,444,439,440,461,484,500,494,460,419,387,374,384,393,393,391,393,400,397,380,353,329,318,307,301,295,285,274,259,241,211,189,154,130,120,132,151,157,131,100,74,46,41,70,104,117,141,166,197,210,215,213,213,213,231,250,285,334,372,403,448,496,513,534,558,587,605,617],""all_points_y"":[184,201,221,234,246,245,237,247,262,282,305,324,336,361,389,415,447,476,498,515,521,548,576,603,621,627,639,656,657,660,659,652,617,585,536,505,473,453,441,419,397,377,364,359,363,392,419,442,470,485,506,532,566,585,607,628,637,655,659,656,634,617,599,575,550,522,494,471,448,405,375,349,320,293,255,228,212,196,186,174,163,160,139,123,120,133,140,155]}","{""action"":""bend""}"
27.jpeg,60450,"{}",1,0,"{""name"":""polygon"",""all_points_x"":[402,429,447,463,460,458,451,444,442,459,477,493,503,508,500,497,487,476,488,502,522,532,525,502,475,451,423,420,435,442,436,440,442,422,403,399,394,376,365,351,343,350,362,353,346,339,331,320,307,296,286,274,270,258,244,244,249,259,274,267,235,202,189,195,204,207,212,225,231,211,192,200,203,206,214,216,225,244,256,283,277,279,294,315,350,368,383,391,398,395],""all_points_y"":[126,143,169,205,229,255,288,315,325,352,385,429,459,487,519,554,582,604,636,660,674,690,700,704,697,686,675,655,611,568,541,505,480,482,489,514,546,565,570,558,535,507,481,458,433,414,402,411,441,473,499,528,563,597,635,668,702,735,754,770,778,766,729,682,638,575,530,500,473,452,411,360,322,294,262,234,190,159,140,129,100,67,40,31,29,35,50,71,95,124]}","{""action"":""bend""}"
28.jpg,339647,"{}",1,0,"{""name"":""polygon"",""all_points_x"":[731,761,793,818,840,836,810,782,760,741,724,728,748,758,764,764,689,658,628,607,601,618,630,646,657,660,645,636,630,616,602,600,576,545,520,500,493,501,521,530,539,544,545,539,533,515,512,509,494,480,474,479,487,504,504,515,542,562,573,573,561,561,569,594,617,655,686],""all_points_y"":[179,199,230,267,300,321,337,354,378,394,400,417,451,506,547,570,571,550,518,495,465,423,379,334,298,288,279,275,308,360,403,434,445,443,455,459,443,416,402,375,330,301,279,255,231,200,178,163,143,115,92,64,44,31,17,1,1,3,22,41,59,77,104,105,110,130,153]}","{""action"":""bend""}"
32.jpg,516204,"{}",1,0,"{""name"":""polygon"",""all_points_x"":[807,800,792,781,765,747,720,708,712,706,705,709,724,721,721,726,727,712,680,658,659,668,682,675,669,665,655,644,628,609,597,551,503,463,438,420,440,466,493,514,529,527,519,525,522,525,527,547,569,597,621,615,574,519,452,432,442,456,443,436,432,439,439,414,377,362,336,326,314,302,286,278,270,258,250,254,284,319,341,328,278,202,156,170,185,187,182,199,221,225,227,232,202,233,262,306,355,414,464,526,585,637,640,657,670,704,736,752,783,804],""all_points_y"":[217,249,280,302,321,319,308,316,353,384,419,466,511,552,591,627,674,703,721,714,682,658,639,584,529,481,425,386,403,403,387,390,395,398,410,426,467,503,545,574,602,633,657,721,771,817,859,877,893,900,917,942,947,951,939,930,892,863,794,745,704,659,631,605,574,558,517,546,586,627,651,677,728,771,816,846,858,860,878,906,912,916,908,862,810,756,702,640,597,535,499,463,432,371,331,303,278,259,243,233,226,224,195,153,128,94,105,138,156,185]}","{""action"":""bend""}"
33.jpg,120069,"{}",2,0,"{""name"":""polygon"",""all_points_x"":[298,322,345,356,364,372,365,347,325,322,330,333,345,349,360,376,384,396,412,417,384,368,368,350,327,305,281,261,247,234,200,183,170,154,158,95,111,123,130,131,151,156,155,163,167,174,169,145,132,131,141,148,167,196,218,225,223,223,229,233,260,283,298,302,300,290],""all_points_y"":[172,184,197,236,270,301,326,336,329,355,387,433,497,541,574,608,653,688,736,759,763,751,705,655,604,566,556,518,501,552,557,606,660,741,764,767,751,723,662,606,563,529,489,444,407,351,336,338,326,281,243,205,183,171,162,147,133,115,92,70,64,71,77,99,132,164]}","{""action"":""stand""}"
33.jpg,120069,"{}",2,1,"{""name"":""polygon"",""all_points_x"":[189,189,190,210,224,225,216,172,150,135,131,149,169,167,161,154,155,148,127,123,144,148,134,131,127,116,119,107,111,100,81,87,91,91,100,108,108,109,123,141,143,136,132,128,133,150,166,176,188,189],""all_points_y"":[79,94,105,107,111,140,162,181,205,268,322,338,340,394,454,493,532,547,546,534,515,480,438,390,331,299,276,298,336,346,316,297,276,245,217,187,166,148,140,126,109,93,78,60,45,40,42,49,60,74]}","{""action"":""stand""}"
34.jpg,495824,"{}",1,0,"{""name"":""polygon"",""all_points_x"":[738,758,781,796,808,830,854,870,887,910,927,920,887,843,851,839,811,789,772,749,715,681,660,650,640,619,591,562,541,507,465,442,411,385,380,345,312,309,337,359,377,397,420,446,460,470,481,463,438,427,427,412,400,390,387,396,410,429,441,446,452,469,490,497,524,557,593,633,667,691,714],""all_points_y"":[225,264,319,367,403,449,490,543,593,622,649,670,665,645,617,581,542,505,459,430,391,357,327,353,386,414,434,458,486,518,550,579,590,599,629,641,645,622,587,566,515,469,419,372,328,291,275,260,245,218,174,144,125,98,70,48,42,47,59,74,90,114,140,153,152,151,152,154,162,177,195]}","{""action"":""bend""}"
35.jpg,575033,"{}",1,0,"{""name"":""polygon"",""all_points_x"":[622,624,615,597,575,563,548,534,537,530,530,542,547,544,547,550,564,595,628,656,645,596,532,491,501,494,460,425,404,384,356,337,322,291,287,273,266,245,224,205,194,176,169,155,138,124,111,118,120,65,2,6,39,66,82,97,114,128,132,149,159,178,196,226,256,276,304,354,409,435,478,513,545,586,605,610],""all_points_y"":[348,376,410,422,425,414,425,431,465,489,532,579,645,687,724,758,794,831,855,879,898,897,897,882,846,815,774,739,698,657,625,601,592,581,540,509,499,529,559,594,626,653,689,727,761,791,831,863,881,893,893,859,836,794,735,674,626,580,549,486,437,383,354,327,301,271,246,237,246,267,286,286,277,284,304,319]}","{""action"":""bend""}"
36.jpg,9003,"{}",3,0,"{""name"":""polygon"",""all_points_x"":[233,241,246,246,241,235,235,238,236,228,221,215,203,199,205,205,205,199,191,193,202,203,198,197,192,190,193,203,207,210,211],""all_points_y"":[59,67,75,83,89,97,108,126,131,132,131,128,129,125,121,112,100,103,101,91,89,76,70,64,59,51,43,40,44,51,53]}","{""action"":""bend""}"
36.jpg,9003,"{}",3,1,"{""name"":""polygon"",""all_points_x"":[161,169,172,174,169,163,158,153,157,160,164,156,137,130,129,119,117,127,126,124,124,131,138,137,127,114,106,98,91,79,73,70,70,74,83,94,101,102,95,91,90,88,94,103,111,115,118,126,138,149,156],""all_points_y"":[47,55,61,71,81,92,103,111,128,143,155,159,159,158,152,150,143,139,125,113,97,83,73,68,64,59,65,71,69,67,66,63,56,51,51,54,51,45,43,39,32,24,17,16,16,21,28,29,30,37,41]}","{""action"":""bend""}"
36.jpg,9003,"{}",3,2,"{""name"":""polygon"",""all_points_x"":[97,97,90,86,88,89,79,73,64,67,67,67,66,59,55,58,65,66,63,61,57,55,57,61,67,70,77,87,93],""all_points_y"":[85,93,96,102,112,122,123,121,122,117,104,99,93,95,91,85,85,81,74,69,68,62,56,50,53,61,67,73,77]}","{""action"":""bend""}"
37.jpg,5889,"{}",3,0,"{""name"":""polygon"",""all_points_x"":[99,103,98,95,93,90,84,86,83,69,55,53,59,69,74,75,75,75,75,70,67,61,58,59,60,59,51,47,45,44,42,34,23,13,15,17,22,33,45,54,65,75,84],""all_points_y"":[37,49,60,75,89,109,121,136,142,144,141,135,127,121,111,95,77,61,51,44,41,42,49,68,81,88,90,86,66,49,37,39,37,30,19,11,8,13,14,11,14,18,25]}","{""action"":""bend""}"
37.jpg,5889,"{}",3,1,"{""name"":""polygon"",""all_points_x"":[197,205,210,208,205,203,201,195,191,194,184,169,160,160,173,183,185,185,181,177,166,159,159,161,161,153,148,148,143,137,127,117,114,115,119,131,140,152,167,183],""all_points_y"":[25,31,39,51,65,79,98,113,126,137,141,141,139,127,121,111,93,77,57,47,50,57,75,95,107,110,105,89,72,57,59,55,44,35,28,28,27,23,19,21]}","{""action"":""bend""}"
37.jpg,5889,"{}",3,2,"{""name"":""polygon"",""all_points_x"":[311,321,323,324,319,316,315,312,307,304,307,300,282,269,268,271,287,294,296,296,297,289,279,274,269,271,272,271,260,258,257,253,250,250,241,229,223,221,223,223,238,251,260,272,288],""all_points_y"":[16,23,34,46,58,75,88,103,115,123,136,142,145,141,135,126,119,106,87,67,51,42,47,57,61,81,105,116,120,116,98,80,69,63,63,60,57,46,38,32,32,30,23,17,15]}","{""action"":""bend""}"
39.jpg,14540,"{}",1,0,"{""name"":""polygon"",""all_points_x"":[505,523,545,554,553,550,554,544,527,523,522,518,509,487,465,444,432,429,427,428,427,426,421,414,405,337,289,298,294,283,278,279,281,269,253,239,225,217,223,241,261,290,321,347,379,399,421,436,452,463,474,489,503],""all_points_y"":[245,245,256,281,307,331,361,373,357,332,308,293,309,321,317,311,307,333,353,375,412,435,461,489,513,514,515,481,451,414,377,350,325,297,269,239,218,191,167,147,136,128,123,128,140,155,178,205,227,237,233,235,247]}","{""action"":""bend""}"
41.jpg,41806,"{}",1,0,"{""name"":""polygon"",""all_points_x"":[269,275,275,280,282,283,294,302,295,279,269,257,251,257,251,240,225,212,193,175,165,177,189,191,181,163,143,126,121,121,140,148,145,131,119,116,116,125,137,138,145,159,163,160,169,185,208,215,234,237,249,253],""all_points_y"":[92,108,122,143,161,179,196,210,222,222,211,199,192,175,159,151,149,143,147,146,146,157,168,183,189,194,200,202,195,185,176,167,160,153,141,129,115,104,98,79,63,53,40,26,14,7,14,28,38,53,70,79]}","{""action"":""squat""}"
43.jpg,129522,"{}",1,0,"{""name"":""polygon"",""all_points_x"":[320,310,298,276,255,254,267,259,255,279,325,349,368,394,431,424,410,402,383,347,319,341,341,333,317,294,270,246,221,202,200,213,230,240,229,206,164,133,101,75,68,81,91,71,47,35,27,27,38,47,65,99,124,149,165,177,181,200,227,251,285,310,328,331],""all_points_y"":[175,193,198,190,193,214,246,276,301,321,322,299,251,250,265,317,364,385,384,385,386,409,438,455,468,485,505,518,532,543,550,564,577,595,604,601,607,599,583,568,548,522,498,491,475,448,429,380,329,302,260,224,192,169,146,128,97,76,58,57,66,75,94,119]}","{""action"":""squat""}"
46.jpg,447229,"{}",1,0,"{""name"":""polygon"",""all_points_x"":[752,780,806,818,816,811,797,785,806,827,841,840,829,806,784,757,729,723,733,739,719,686,673,652,624,629,624,613,595,552,541,561,568,553,529,520,507,493,481,481,499,518,535,557,578,601,612,608,600,603,610,629,652,675,696,706,715,718,716,719],""all_points_y"":[133,152,171,199,240,277,313,341,354,372,392,426,452,472,474,479,479,504,532,555,563,558,540,548,544,571,590,609,621,617,596,558,541,535,538,522,474,430,386,332,276,237,204,177,156,135,132,105,75,55,32,20,10,10,22,38,63,93,111,124]}","{""action"":""squat""}"
47.jpg,331078,"{}",1,0,"{""name"":""polygon"",""all_points_x"":[667,677,681,692,738,808,839,830,798,749,731,728,720,698,676,648,641,653,663,666,641,609,588,575,559,574,590,603,574,533,490,469,456,471,493,498,486,463,447,407,380,374,397,410,406,384,353,328,314,310,310,326,328,326,332,345,353,365,378,394,409,434,454,460,454,454,459,477,499,518,540,556,568,579,574,601,631,650,663],""all_points_y"":[239,281,310,332,350,359,387,416,433,433,428,467,498,528,551,569,592,619,645,666,674,668,653,619,593,562,543,522,537,534,535,533,529,543,570,597,618,640,661,670,668,649,624,593,570,549,525,499,469,438,418,397,388,363,334,306,284,259,229,206,191,184,180,178,154,134,111,89,81,84,91,107,128,146,171,167,181,197,216]}","{""action"":""squat""}"
48.jpg,421928,"{}",1,0,"{""name"":""polygon"",""all_points_x"":[743,756,756,749,746,740,733,725,713,709,729,736,735,725,697,680,664,675,667,639,613,606,575,553,562,580,566,553,548,540,549,561,569,576,589,605,608,601,600,602,605,623,648,669,683,696,694,691,691],""all_points_y"":[291,304,324,358,394,419,436,457,474,483,506,524,562,582,580,558,553,579,592,589,586,563,561,550,528,517,501,483,461,431,397,370,349,319,303,295,282,269,251,230,208,196,186,185,190,212,237,258,268]}","{""action"":""squat""}"
49.jpg,305878,"{}",1,0,"{""name"":""polygon"",""all_points_x"":[584,597,610,618,622,605,578,546,528,522,517,516,546,573,589,601,603,591,576,555,541,519,516,538,556,563,553,522,483,456,460,471,487,499,475,452,436,427,428,445,455,446,414,391,378,372,387,395,395,377,366,354,354,363,387,389,403,413,415,416,416,428,418,415,417,429,448,467,483,497,507,511,499,494,511,529,542,555,575],""all_points_y"":[214,232,255,278,299,311,313,306,296,314,334,347,340,342,346,365,382,404,416,432,448,461,476,485,493,505,514,518,511,506,483,468,448,435,446,450,462,487,516,528,543,554,557,543,533,523,498,476,455,453,441,424,392,363,326,302,279,257,238,220,209,202,188,170,148,135,126,124,128,148,169,191,205,215,225,227,216,209,207]}","{""action"":""squat""}"
50.jpg,316824,"{}",1,0,"{""name"":""polygon"",""all_points_x"":[877,877,868,857,841,814,777,746,704,655,605,562,528,517,511,509,526,544,544,535,519,504,477,458,483,506,513,500,472,442,472,504,513,493,442,395,370,377,389,399,410,384,335,298,284,278,293,309,330,352,377,398,433,448,439,440,455,475,506,539,549,559,552,547,544,569,604,653,694,725,747,757,775,791,811,828,850,863,870],""all_points_y"":[144,160,167,178,180,186,189,203,221,229,235,243,246,246,268,286,300,328,356,379,404,429,448,470,482,491,508,514,517,514,530,536,552,569,574,566,559,524,493,472,451,463,471,456,428,395,356,327,291,258,221,196,175,153,126,97,74,62,61,69,95,128,147,170,183,187,174,170,166,157,146,134,134,124,123,130,128,132,132]}","{""action"":""squat""}"
51.jpg,37885,"{}",1,0,"{""name"":""polygon"",""all_points_x"":[178,178,170,161,142,125,118,109,97,92,104,98,81,85,107,112,99,79,54,53,58,35,19,11,15,22,35,53,65,75,77,81,86,112,122,125,117,113,106,95,105,116,135,149,162,171],""all_points_y"":[90,99,99,104,113,116,112,130,149,157,163,169,170,180,185,191,200,202,197,183,165,172,164,151,130,104,82,62,44,37,24,9,1,1,11,21,32,46,51,56,68,80,81,82,78,79]}","{""action"":""squat""}"
52.jpg,388797,"{}",1,0,"{""name"":""polygon"",""all_points_x"":[685,677,671,659,634,606,599,584,578,584,634,678,703,698,680,657,648,680,677,631,580,587,594,610,557,522,482,440,412,426,433,419,380,338,345,370,379,356,349,354,366,396,433,450,450,433,421,405,394,375,358,359,377,405,431,445,461,473,477,466,461,464,478,464,480,522,543,554,557,550,556,575,606,624,620,629,645,657,670],""all_points_y"":[210,224,245,263,268,268,294,321,359,391,379,379,408,449,485,510,533,556,575,577,573,540,514,489,500,496,501,500,491,528,568,577,577,577,563,542,519,484,445,412,393,386,387,363,324,291,252,216,210,219,207,188,149,137,152,177,188,175,159,138,117,91,65,39,23,37,58,100,128,151,177,191,198,195,179,167,161,174,181]}","{""action"":""squat""}"
53.jpg,40061,"{}",1,0,"{""name"":""polygon"",""all_points_x"":[413,421,421,423,443,449,440,419,389,351,319,301,311,321,344,339,303,271,241,221,208,233,263,285,303,269,231,209,200,189,189,199,211,220,152,152,137,137,148,153,156,124,104,96,97,105,121,148,168,189,209,232,245,273,296,321,348,371,389,401,412,413,412,400],""all_points_y"":[116,139,157,172,180,201,232,256,276,292,311,329,355,372,377,396,399,389,372,359,340,317,291,279,259,271,272,277,292,309,335,356,379,396,396,377,367,337,309,293,275,267,256,240,205,171,148,111,67,45,23,5,1,1,1,1,0,0,4,16,31,52,67,81]}","{""action"":""squat""}"
54.jpg,23967,"{}",1,0,"{""name"":""polygon"",""all_points_x"":[420,420,417,426,436,445,442,420,423,416,402,395,375,402,413,397,368,334,339,356,334,302,283,289,291,291,264,253,254,272,292,301,298,278,269,254,243,241,227,219,230,246,263,278,298,315,344,352,359,370,389,404,414,411,416],""all_points_y"":[215,244,259,285,315,339,365,366,339,307,285,263,278,296,320,334,344,356,366,382,385,384,375,349,323,307,296,278,257,235,221,208,203,214,234,250,278,301,302,280,262,234,206,190,167,155,153,128,109,97,99,112,132,158,201]}","{""action"":""squat""}"
56.jpg,21802,"{}",1,0,"{""name"":""polygon"",""all_points_x"":[336,334,331,322,311,306,297,302,297,286,313,333,347,349,342,331,309,293,289,304,325,324,289,244,225,228,228,212,185,192,198,171,142,146,149,144,156,174,189,192,183,169,155,138,142,149,167,185,205,221,239,232,239,261,284,297,309,298,297,313,325,334],""all_points_y"":[182,200,225,239,253,275,297,334,365,397,392,394,410,431,448,466,484,494,505,521,532,546,548,552,543,520,511,511,516,537,559,563,554,527,494,476,448,404,361,318,288,259,244,221,209,191,207,223,248,266,259,232,209,192,192,200,187,174,158,151,153,165]}","{""action"":""squat""}"
57.jpg,55861,"{}",1,0,"{""name"":""polygon"",""all_points_x"":[707,709,714,727,723,714,696,678,656,650,651,650,643,626,608,589,573,568,557,541,521,505,483,470,488,475,460,470,475,472,483,504,512,521,526,539,557,581,602,634,661,685,699],""all_points_y"":[226,265,300,330,366,395,404,401,404,385,358,342,340,358,374,385,398,419,436,454,451,465,472,452,422,414,398,367,335,302,266,225,202,181,167,146,130,135,148,149,162,176,199]}","{""action"":""squat""}"
58.jpg,80789,"{}",1,0,"{""name"":""polygon"",""all_points_x"":[469,494,515,537,569,580,559,526,513,480,445,412,393,385,385,407,418,418,393,374,382,374,342,328,331,339,331,306,274,258,277,274,279,244,222,231,225,193,187,195,201,214,214,187,157,136,103,92,73,46,43,68,95,117,136,155,171,198,222,241,247,244,263,301,334,353,355,355,391,418],""all_points_y"":[382,437,480,529,545,575,594,586,551,499,447,418,377,377,418,464,499,537,556,588,643,667,670,654,597,564,532,532,534,545,578,621,659,667,654,599,569,534,513,469,442,412,380,418,466,521,551,591,599,586,553,537,499,442,391,350,312,279,263,252,220,193,174,163,165,198,231,258,277,296]}","{""action"":""squat""}"
60.jpg,30114,"{}",1,0,"{""name"":""polygon"",""all_points_x"":[316,317,324,343,357,365,365,351,329,312,324,343,301,273,271,179,184,207,220,215,188,172,157,147,147,151,180,209,228,243,233,216,208,209,207,199,181,155,129,112,104,111,129,140,155,160,164,184,196,188,173,159,155,175,185,203,216,225,219,213,212,212,215,221,229,239,263,277,288,292,296,307,316,316,319],""all_points_y"":[147,171,193,215,233,259,289,300,311,321,344,361,363,343,357,364,353,345,335,321,309,295,281,267,249,241,233,231,231,228,215,205,192,172,161,156,167,176,183,183,171,152,129,112,96,83,80,87,95,108,116,127,137,131,115,111,109,103,97,89,69,57,43,31,17,9,8,17,31,48,64,96,108,123,140]}","{""action"":""squat""}"
61.jpg,79499,"{}",1,0,"{""name"":""polygon"",""all_points_x"":[711,735,768,795,820,848,861,855,826,807,793,795,764,729,686,659,633,606,579,579,596,631,647,643,610,571,544,544,544,530,503,489,491,491,491,507,485,466,433,433,433,448,450,446,427,407,376,364,376,390,399,394,382,372,364,355,353,349,359,380,396,399,390,374,349,329,298,265,238,212,212,210,187,162,152,171,203,228,265,292,316,339,366,394,431,454,458,460,468,497,522,555,573,581,585,577,598,637,668],""all_points_y"":[257,298,337,368,405,442,485,509,518,512,475,446,411,368,345,306,279,271,290,323,347,388,419,466,483,489,493,524,553,563,561,544,507,475,454,444,427,419,423,454,491,534,569,585,600,620,620,604,573,544,522,501,466,440,409,384,355,331,312,302,290,277,269,286,312,341,364,392,429,452,489,522,528,518,493,448,401,359,325,286,247,220,187,168,150,146,123,92,68,53,47,60,80,105,134,150,158,183,212]}","{""action"":""squat""}"
62.jpg,79130,"{}",1,0,"{""name"":""polygon"",""all_points_x"":[558,570,558,533,487,447,447,450,459,490,515,502,456,413,401,354,330,296,281,265,265,265,256,207,191,194,207,210,197,182,179,179,188,163,105,71,117,136,142,145,151,160,166,176,203,240,262,259,271,290,311,348,370,391,388,388,428,447,441,444,493,539],""all_points_y"":[626,666,687,703,718,731,768,801,835,863,891,909,903,885,838,851,820,780,752,752,783,832,866,875,848,798,761,737,724,761,805,863,903,922,928,915,857,801,721,666,604,549,499,459,441,425,410,382,354,317,296,293,308,354,391,416,447,487,552,604,613,616]}","{""action"":""squat""}"
63.jpg,5356,"{}",1,0,"{""name"":""polygon"",""all_points_x"":[202,209,211,209,204,195,202,202,189,173,167,161,155,143,134,123,119,121,132,141,144,140,145,149,150,139,134,133,133,127,121,117,112,106,104,109,117,126,133,143,157,171,181,192],""all_points_y"":[72,83,94,106,112,113,121,129,133,135,128,117,114,123,133,135,130,123,120,109,102,94,86,77,66,67,56,50,42,33,22,19,22,23,16,9,8,13,22,33,38,44,52,59]}","{""action"":""squat""}"
64.jpg,10591,"{}",2,0,"{""name"":""polygon"",""all_points_x"":[191,190,187,184,194,196,194,195,206,214,213,204,197,199,193,185,182,171,162,160,167,169,161,152,154,160,155,144,142,142,145,136,134,134,144,151,153,155,156,159,166,174,183,190,192],""all_points_y"":[35,44,49,52,61,71,84,97,99,103,112,119,126,137,137,144,155,149,146,140,132,125,125,135,145,153,158,158,148,138,125,119,110,100,92,83,69,56,44,32,22,17,19,25,32]}","{""action"":""squat""}"
64.jpg,10591,"{}",2,1,"{""name"":""polygon"",""all_points_x"":[124,124,125,133,135,132,135,139,138,127,122,117,127,128,128,120,107,93,83,83,92,99,98,90,82,75,72,74,78,74,62,56,59,62,60,48,45,55,65,69,74,81,90,89,89,95,106,114,118,117,113],""all_points_y"":[71,82,95,101,112,120,132,141,145,144,131,136,146,154,166,169,168,166,163,156,144,138,132,135,133,140,150,160,172,177,177,168,150,139,132,127,112,99,85,68,56,50,48,36,23,14,14,18,30,46,55]}","{""action"":""squat""}"
65.jpg,56298,"{}",1,0,"{""name"":""polygon"",""all_points_x"":[415,407,396,384,371,350,339,335,343,369,383,387,387,378,366,357,353,357,350,335,323,328,329,339,341,325,305,287,263,248,242,252,260,262,252,238,222,221,226,233,221,206,198,190,195,210,228,249,246,241,229,212,199,185,183,198,210,218,229,243,255,254,257,269,284,299,305,308,332,346,352,375,384,387,400,411,415],""all_points_y"":[180,186,194,205,211,216,217,231,237,237,246,260,279,294,315,328,344,363,375,377,368,349,330,312,299,291,288,287,289,294,301,319,330,349,362,367,367,357,343,327,310,295,278,262,246,236,234,236,223,213,206,196,188,179,168,162,162,169,180,180,176,160,147,139,137,144,159,175,178,181,183,180,174,165,163,168,174]}","{""action"":""squat""}"
66.jpg,381508,"{}",1,0,"{""name"":""polygon"",""all_points_x"":[475,472,464,456,442,426,450,461,461,448,439,437,486,524,553,564,543,491,453,415,407,442,480,467,412,298,239,174,152,155,165,157,141,149,179,214,236,247,250,258,271,301,342,369,388,412,426,412,415,442,480,491,488],""all_points_y"":[423,464,494,510,518,524,556,589,624,667,708,727,716,722,754,789,822,860,887,909,939,963,987,1009,1017,1020,1017,1012,1012,974,944,920,876,817,765,705,656,605,540,491,448,423,410,374,339,326,328,307,279,260,274,323,366]}","{""action"":""squat""}"
67.jpg,46532,"{}",8,0,"{""name"":""polygon"",""all_points_x"":[428,436,445,443,439,420,416,412,415,422,428,432,429,417,398,380,362,363,359,343,341,342,332,335,338,343,357,362,355,354,361,375,392,401,405,400,419],""all_points_y"":[226,246,262,278,283,277,268,287,307,325,341,363,380,386,385,387,382,358,339,324,306,289,278,253,238,219,213,207,196,181,170,162,164,176,195,207,216]}","{""action"":""squat""}"
67.jpg,46532,"{}",8,1,"{""name"":""polygon"",""all_points_x"":[328,337,336,332,329,315,311,318,328,330,324,310,285,268,267,270,268,253,247,249,257,261,260,257,258,268,282,282,274,274,278,292,306,314,313,310,312],""all_points_y"":[219,229,248,272,289,294,303,329,347,372,389,393,395,389,373,355,349,342,328,311,297,280,261,249,229,222,215,203,192,180,166,160,164,174,187,202,211]}","{""action"":""squat""}"
67.jpg,46532,"{}",8,2,"{""name"":""polygon"",""all_points_x"":[226,239,243,242,238,233,231,238,239,230,219,189,165,172,164,161,168,171,168,169,171,176,185,185,180,183,191,201,214,224,229,226,221],""all_points_y"":[230,237,248,268,294,317,341,358,378,396,395,395,393,372,353,330,309,288,263,248,237,229,228,219,206,194,181,177,180,188,203,218,225]}","{""action"":""squat""}"
67.jpg,46532,"{}",8,3,"{""name"":""polygon"",""all_points_x"":[82,76,72,70,82,86,90,89,94,87,80,73,71,75,92,96,14,16,12,14,23,26,25,26,21,17,17,16,23,41,47,40,39,45,55,75,84,84],""all_points_y"":[40,52,61,70,84,117,147,172,214,246,288,321,353,373,384,395,395,357,331,304,274,236,202,169,148,129,101,83,64,59,50,38,24,10,2,0,13,24]}","{""action"":""stand""}"
67.jpg,46532,"{}",8,4,"{""name"":""polygon"",""all_points_x"":[142,139,153,161,161,166,172,176,180,174,162,159,154,149,144,142,148,159,171,165,148,106,98,94,99,97,95,103,106,106,99,103,105,91,89,86,86,98,113,112,107,109,120,135,147,152,148],""all_points_y"":[59,70,82,99,125,151,175,197,217,230,237,260,284,311,340,357,371,374,377,388,389,395,393,380,365,339,310,288,265,228,206,179,152,151,132,108,86,71,63,50,35,20,8,7,17,28,49]}","{""action"":""stand""}"
67.jpg,46532,"{}",8,5,"{""name"":""polygon"",""all_points_x"":[221,235,246,251,253,257,258,264,252,244,233,223,230,221,204,188,180,176,178,175,163,163,161,179,193,183,182,194,209,219,222,222,218],""all_points_y"":[80,85,92,111,139,171,196,214,223,241,233,225,207,185,176,185,206,188,166,154,136,114,94,79,70,55,38,24,28,38,50,63,73]}","{""action"":""stand""}"
67.jpg,46532,"{}",8,6,"{""name"":""polygon"",""all_points_x"":[306,317,331,336,333,334,325,322,325,328,315,310,314,311,298,284,274,277,282,275,262,264,259,262,264,263,262,268,281,278,272,271,277,290,304,309,309,309],""all_points_y"":[86,93,101,119,151,165,169,183,205,219,214,205,183,169,160,163,175,195,209,217,222,209,192,169,149,125,109,102,93,79,68,53,38,35,41,48,61,73]}","{""action"":""stand""}"
67.jpg,46532,"{}",8,7,"{""name"":""polygon"",""all_points_x"":[392,403,412,419,422,425,421,409,401,404,412,414,409,401,405,399,387,372,363,355,357,360,350,337,337,336,339,340,336,336,352,353,344,340,341,353,370,375,379,378],""all_points_y"":[81,85,90,102,119,139,155,153,153,169,185,208,211,209,192,172,163,165,170,181,197,209,215,226,214,182,157,139,125,108,96,84,69,50,38,31,40,52,65,77]}","{""action"":""stand""}"
73.jpg,9990,"{}",1,0,"{""name"":""polygon"",""all_points_x"":[157,159,165,172,183,187,185,179,175,179,178,169,153,140,143,139,135,121,110,117,113,108,95,78,65,59,62,71,79,78,70,55,48,43,44,50,65,74,72,72,77,83,90,87,89,92,102,109,119,121,123,124,133,143,150,156],""all_points_y"":[53,63,75,81,89,109,122,135,150,169,177,178,179,174,163,151,145,141,141,149,161,165,173,177,173,173,167,160,152,136,131,120,110,102,90,85,80,76,66,57,50,43,37,32,24,17,13,12,17,22,28,32,33,36,42,49]}","{""action"":""squat""}"
74.jpg,5339,"{}",1,0,"{""name"":""polygon"",""all_points_x"":[217,211,206,200,194,193,188,184,180,191,187,177,167,168,170,170,158,146,136,129,130,125,114,107,109,115,116,108,106,106,109,102,94,84,79,81,90,96,96,102,109,118,127,135,140,136,139,145,152,159,162,162,163,180,188,195,202,207,213,219],""all_points_y"":[69,76,87,97,101,116,128,138,144,155,163,159,150,143,136,131,126,127,133,136,150,156,162,160,152,143,139,129,113,102,97,91,86,70,62,57,57,60,68,77,78,68,65,64,61,46,35,34,31,37,44,48,61,68,73,81,70,60,59,66]}","{""action"":""squat""}"
76.jpg,406308,"{}",1,0,"{""name"":""polygon"",""all_points_x"":[506,539,569,588,606,623,639,634,625,639,650,634,615,620,533,523,517,487,422,379,333,279,233,241,263,271,284,149,181,162,143,130,114,95,95,68,49,68,84,114,143,184,263,255,252,260,276,314,341,360,384,395,403,409],""all_points_y"":[468,495,542,593,642,699,734,764,777,828,869,915,967,1018,1018,953,891,869,858,858,864,845,826,872,918,975,1021,1015,986,937,883,812,755,693,647,636,617,571,550,533,509,474,433,403,357,314,292,273,282,290,298,330,382,422]}","{""action"":""squat""}"
77.jpg,163735,"{}",1,0,"{""name"":""polygon"",""all_points_x"":[457,462,455,447,434,420,412,400,396,417,437,453,469,477,472,462,443,432,425,432,444,454,460,368,373,379,385,394,403,388,360,330,316,297,284,274,282,294,309,304,238,238,246,243,245,237,240,242,241,257,272,280,279,277,266,246,228,218,217,226,232,247,242,246,268,276,279,292,315,331,344,340,331,329,339,355,374,391,404,401,404,407,413,418,429,425,417,415,420,432,443,455,457],""all_points_y"":[147,168,184,198,223,235,241,261,270,268,266,271,277,295,322,340,364,381,398,413,423,425,440,440,415,405,398,379,349,365,375,376,375,376,376,393,415,420,433,439,439,423,401,378,363,345,322,320,304,292,284,268,252,238,242,252,252,245,226,206,201,194,187,172,167,169,179,176,171,164,156,147,132,115,97,89,85,90,103,123,143,159,173,181,177,168,161,154,143,137,137,141,143]}","{""action"":""squat""}"
78.jpeg,265190,"{}",1,0,"{""name"":""polygon"",""all_points_x"":[647,663,674,666,668,663,650,650,666,668,677,673,661,654,649,658,668,663,633,609,606,604,606,614,614,604,592,549,488,463,450,452,464,475,493,493,474,439,401,369,375,402,423,431,421,404,377,364,359,367,351,343,348,351,361,390,401,401,412,421,426,426,432,442,461,472,485,495,491,488,485,487,493,502,520,547,564,579,577,577,574,576,592,622],""all_points_y"":[149,169,194,219,245,273,297,307,310,331,353,382,409,452,487,504,539,561,566,558,526,507,491,480,456,436,428,428,425,417,409,429,458,467,496,525,534,541,547,539,526,509,493,477,455,437,404,364,332,307,301,283,270,246,235,221,208,196,183,175,169,153,137,129,129,124,124,122,102,84,65,43,21,8,3,8,17,38,64,87,95,121,126,135]}","{""action"":""squat""}"
79.jpg,10019,"{}",2,0,"{""name"":""polygon"",""all_points_x"":[103,103,98,91,91,85,80,88,91,86,73,68,63,58,63,69,64,54,48,53,51,45,36,31,30,35,44,51,56,57,59,56,55,59,67,75,79,79,79,81,85,94],""all_points_y"":[92,100,106,107,115,126,137,139,143,148,145,143,146,155,162,169,174,172,160,148,141,136,131,127,118,109,99,88,85,82,80,75,67,61,61,62,71,78,83,80,75,80]}","{""action"":""squat""}"
79.jpg,10019,"{}",2,1,"{""name"":""polygon"",""all_points_x"":[225,223,219,221,220,223,225,223,225,232,230,222,216,214,214,208,206,198,195,196,203,202,194,186,181,185,188,194,193,196,194,195,197,193,195,199,201,201,200,201,207,212,213,211,209,216,214,210,215,221,223],""all_points_y"":[45,56,65,79,94,105,121,136,140,147,150,147,142,131,124,128,136,150,162,168,175,180,181,177,171,162,145,135,125,105,98,86,73,63,48,37,28,21,16,9,5,9,19,33,39,41,32,26,22,20,27]}","{""action"":""stand""}"
80.jpg,8687,"{}",1,0,"{""name"":""polygon"",""all_points_x"":[205,210,213,215,212,207,196,184,187,183,173,170,172,175,165,153,141,147,142,136,127,124,127,120,113,101,95,94,99,102,106,114,122,131,143,158,173,185,193,203],""all_points_y"":[73,90,111,122,128,140,140,130,144,154,152,143,128,119,115,114,120,128,138,152,152,144,131,131,137,138,129,118,100,82,62,45,32,27,26,24,26,30,40,60]}","{""action"":""squat""}"
81.jpeg,58783,"{}",2,0,"{""name"":""polygon"",""all_points_x"":[406,424,434,432,424,420,412,424,428,420,420,422,446,464,478,494,508,520,526,520,516,510,494,474,482,486,482,460,440,426,412,424,424,396,370,350,348,368,386,386,372,356,344,332,336,334,340,344,350,342,338,332,307,289,259,247,245,243,261,273,281,281,303,315,338,338,330,328,328,332,346,364,386,404,416,410,400],""all_points_y"":[147,159,177,205,235,275,293,332,368,406,450,470,488,510,530,551,565,571,581,607,635,653,661,659,639,605,581,559,541,524,516,545,561,565,569,567,555,549,539,520,494,472,456,442,416,396,360,332,305,265,231,211,213,219,221,209,187,169,163,163,177,183,179,167,161,157,141,121,107,84,64,56,58,70,94,119,139]}","{""action"":""stand""}"
81.jpeg,58783,"{}",2,1,"{""name"":""polygon"",""all_points_x"":[259,237,227,231,231,211,187,159,151,145,157,181,197,209,203,191,193,185,173,175,209,221,211,161,133,127,111,80,70,84,98,76,48,28,12,22,52,80,98,111,94,84,78,66,56,56,60,62,64,70,76,96,107,119,119,127,147,173,189,199,219,233,229,257,283,301,307,299,279],""all_points_y"":[255,253,255,297,324,322,322,317,342,374,404,440,470,494,520,541,567,583,593,609,611,621,633,643,647,627,639,665,675,705,731,735,731,699,673,661,641,609,587,571,541,500,476,456,432,404,380,334,289,257,237,215,211,193,173,149,141,137,153,175,181,199,225,223,217,217,237,251,257]}","{""action"":""stand""}"
82.jpg,362507,"{}",2,0,"{""name"":""polygon"",""all_points_x"":[469,469,460,453,471,487,496,483,465,447,442,445,447,447,440,433,413,404,388,380,389,406,411,388,355,330,310,312,334,339,344,355,370,366,352,341,332,328,337,362,366,368,355,341,315,287,269,245,240,234,265,281,297,321,332,339,334,334,323,319,326,352,357,361,373,402,427,440,442,434,420,429],""all_points_y"":[168,191,207,225,243,252,267,281,270,252,294,332,386,415,454,489,519,541,568,600,631,651,665,674,674,653,626,609,591,562,521,499,476,438,409,380,355,326,288,263,245,231,256,272,294,314,330,328,321,299,292,287,272,247,225,186,164,148,132,110,79,65,50,29,7,4,18,34,74,92,99,124]}","{""action"":""stand""}"
82.jpg,362507,"{}",2,1,"{""name"":""polygon"",""all_points_x"":[775,790,791,795,818,844,867,878,882,867,844,813,786,782,779,791,800,804,797,784,759,745,752,773,770,746,709,692,674,667,683,703,716,732,712,707,714,698,690,698,701,685,690,699,710,728,718,712,718,739,754,770,779,786,781,770,768],""all_points_y"":[162,180,207,222,222,216,206,200,215,236,242,252,252,279,308,335,373,418,451,471,516,539,559,579,591,597,595,593,581,564,539,514,476,449,451,442,406,377,339,301,274,258,206,178,164,146,121,99,79,69,65,81,103,128,144,146,159]}","{""action"":""stand""}"
83.jpg,93768,"{}",3,0,"{""name"":""polygon"",""all_points_x"":[573,588,597,595,596,596,601,603,596,589,586,583,575,573,573,573,569,569,570,566,562,561,546,531,540,548,547,547,541,534,533,524,516,510,507,500,505,505,489,482,487,485,490,494,493,498,484,483,484,483,485,494,506,514,531,542,538,540,542,546,558,571,575,578],""all_points_y"":[105,113,131,150,163,187,206,223,230,227,207,189,171,191,218,250,275,297,325,354,375,391,394,389,376,358,326,300,281,281,261,281,299,319,342,363,376,390,391,386,358,334,302,281,271,243,235,214,194,176,162,143,122,111,103,99,90,77,64,55,53,58,76,89]}","{""action"":""stand""}"
83.jpg,93768,"{}",3,1,"{""name"":""polygon"",""all_points_x"":[340,352,366,381,394,405,409,405,391,381,368,349,335,322,315,314,311,309,312,324,335,341,339,333,330,326,326,337,348,269,274,279,279,276,284,276,269,263,249,241,243,247,253,265,272,266,253,243,229,225,224,222,231,248,259,272,280,288,294,299,305,318,328,337,341,342,336,330,327,319,321,330],""all_points_y"":[128,134,141,144,145,149,161,168,169,165,160,158,155,148,144,161,180,200,216,231,247,265,283,305,325,352,369,385,392,393,377,350,332,311,292,276,266,242,227,216,194,179,170,168,160,150,143,142,140,134,122,117,100,82,73,67,59,52,41,31,24,24,27,34,48,59,64,73,81,87,104,119]}","{""action"":""stand""}"
83.jpg,93768,"{}",3,2,"{""name"":""polygon"",""all_points_x"":[230,226,220,219,222,226,228,243,248,255,266,271,265,249,240,224,215,212,211,211,224,236,246,248,240,230,226,219,234,188,193,199,200,204,215,215,204,192,183,179,166,154,140,126,113,103,84,68,63,55,49,44,33,29,31,31,41,53,67,83,109,120,131,141,145,142,129,122,120,129,142,156,178,186,180,185,188,194,212,227,231],""all_points_y"":[79,93,108,112,123,143,158,157,150,143,149,158,169,169,177,182,182,198,218,231,246,262,278,299,319,339,359,373,393,390,374,358,339,319,301,292,291,285,281,279,293,305,316,321,328,337,344,352,358,369,385,392,392,373,352,338,335,337,323,308,296,288,265,245,227,214,197,182,166,149,131,116,104,97,77,59,54,43,41,54,68]}","{""action"":""stand""}"
84.jpg,398076,"{}",2,0,"{""name"":""polygon"",""all_points_x"":[516,492,462,429,426,417,413,413,411,426,433,438,428,428,428,363,354,349,334,331,327,318,296,286,275,214,212,208,207,221,234,248,241,235,230,216,174,147,129,129,144,174,210,237,268,284,289,284,280,282,293,298,325,358,374,377,365,365,386,410,433,465,498,512],""all_points_y"":[237,252,273,280,304,336,375,408,435,489,532,589,629,661,675,674,640,602,577,553,534,564,616,658,675,675,640,613,575,507,467,428,370,334,302,262,248,232,210,189,178,174,185,185,194,187,174,160,138,117,95,77,72,75,106,137,167,185,194,198,194,196,207,217]}","{""action"":""stand""}"
84.jpg,398076,"{}",2,1,"{""name"":""polygon"",""all_points_x"":[861,878,905,923,927,907,870,841,821,805,798,798,794,808,821,835,835,832,841,781,774,765,749,733,724,719,708,692,675,665,656,600,614,614,616,622,640,649,647,649,641,631,600,584,573,580,605,631,656,670,693,688,679,686,701,722,746,767,771,767,762,771,790,808,843],""all_points_y"":[196,192,198,205,228,248,262,268,277,309,347,393,440,480,519,557,596,629,677,674,650,620,586,559,530,525,553,593,631,659,675,675,636,602,555,508,455,417,370,334,300,269,257,244,228,201,192,196,207,217,212,189,162,135,113,106,110,129,160,183,203,221,225,216,212]}","{""action"":""stand""}"
85.jpg,138573,"{}",1,0,"{""name"":""polygon"",""all_points_x"":[314,314,330,337,343,337,319,305,297,281,286,292,296,299,304,304,310,317,338,345,274,278,278,273,266,263,255,243,220,207,207,212,207,207,217,222,218,181,189,184,171,167,169,154,149,151,149,164,164,148,153,151,133,112,97,94,94,102,99,87,69,61,67,67,72,79,99,113,120,149,172,189,189,184,184,192,209,223,238,246,245,236,236,261,287,296],""all_points_y"":[153,158,179,195,215,235,261,284,292,297,346,401,442,473,511,544,570,601,614,619,619,586,560,524,501,488,452,443,443,445,456,481,507,548,573,593,617,617,590,548,507,468,447,442,392,332,296,279,251,220,189,174,204,225,258,291,322,348,368,381,374,350,317,282,248,223,187,166,141,115,107,94,80,67,54,31,21,25,38,54,74,80,102,110,120,128]}","{""action"":""stand""}"
86.jpg,629777,"{}",3,0,"{""name"":""polygon"",""all_points_x"":[575,597,616,635,627,632,627,618,597,589,597,600,570,562,562,583,610,632,635,629,613,594,562,553,562,556,534,524,494,472,486,502,475,477,458,439,429,429,439,445,439,426,439,464,437,423,423,442,472,502,518,518,515,540],""all_points_y"":[236,255,301,353,369,412,461,505,526,529,600,624,643,689,724,776,827,865,890,917,939,949,949,930,911,906,920,941,944,922,887,854,770,713,648,589,529,464,431,374,331,290,258,231,212,174,130,103,100,109,149,171,212,228]}","{""action"":""stand""}"
86.jpg,629777,"{}",3,1,"{""name"":""polygon"",""all_points_x"":[399,418,434,442,445,439,429,429,439,448,434,429,423,410,418,437,415,372,328,312,304,304,320,331,320,323,326,298,290,285,290,296,288,282,309,320,304,309,326,350,380,399,401],""all_points_y"":[293,301,312,361,401,445,491,545,597,646,656,716,762,836,865,909,928,933,936,911,860,811,757,711,667,627,589,532,488,448,396,355,326,312,296,260,225,198,179,171,182,206,241]}","{""action"":""stand""}"
86.jpg,629777,"{}",3,2,"{""name"":""polygon"",""all_points_x"":[252,247,250,271,285,296,290,282,290,307,323,312,317,326,328,312,301,298,282,298,312,296,247,201,179,174,168,163,160,168,174,160,157,146,122,114,122,127,119,109,109,125,122,141,163,187,198,179,168,168,168,179,195,217,239,263,274,274,266],""all_points_y"":[239,252,266,282,309,342,393,437,491,556,597,608,659,692,727,770,808,849,882,914,955,971,974,974,955,922,873,844,795,762,722,673,640,624,627,602,559,534,486,437,393,339,307,271,250,236,228,212,184,168,133,106,92,114,122,141,168,198,222]}","{""action"":""stand""}"
88.jpg,338905,"{}",5,0,"{""name"":""polygon"",""all_points_x"":[870,876,879,879,871,871,881,892,900,889,894,911,938,948,968,989,981,935,935,913,892,871,857,844,836,828,820,808,797,795,789,781,776,747,755,758,758,758,768,768,773,790,803,803,800,797,808,814,817,811,797,789,789,795,806,819,836,849,863,868,859,854,849,849,863],""all_points_y"":[219,237,262,288,297,332,359,388,415,432,464,483,504,531,550,563,574,576,563,542,517,501,491,461,437,431,442,456,474,498,536,566,572,574,539,507,482,456,425,405,382,364,347,321,289,267,237,224,216,211,211,189,178,162,143,134,134,130,135,149,159,172,188,207,208]}","{""action"":""stand""}"
88.jpg,338905,"{}",5,1,"{""name"":""polygon"",""all_points_x"":[714,712,712,706,704,711,717,711,704,698,693,711,725,743,757,757,749,739,731,717,698,681,658,661,658,661,663,665,590,611,620,625,628,626,623,625,626,622,619,615,614,619,630,626,617,598,593,590,603,617,623,619,619,619,619,612,604,604,612,628,649,661,673,676,673,687,700,706],""all_points_y"":[189,208,229,250,269,299,332,361,390,425,447,458,475,502,512,542,561,542,526,509,496,480,466,491,510,539,560,571,574,569,561,542,520,504,488,466,448,423,405,380,355,323,294,264,272,266,256,242,224,237,232,216,192,173,162,151,135,111,97,86,89,87,102,124,146,151,161,167]}","{""action"":""stand""}"
88.jpg,338905,"{}",5,2,"{""name"":""polygon"",""all_points_x"":[561,557,557,555,545,558,561,558,550,537,531,547,561,588,592,582,577,555,545,547,544,531,517,504,502,480,455,444,440,466,475,488,491,491,472,463,460,464,464,475,479,483,483,458,445,434,434,456,461,475,480,480,485,498,490,483,485,487,499,520,533,534,529,529,542,552,561],""all_points_y"":[215,237,256,267,281,310,329,351,377,412,447,466,482,483,502,518,544,558,552,520,498,495,518,545,571,574,574,569,561,553,534,509,480,469,450,444,412,382,359,332,312,294,286,285,286,278,262,259,248,234,215,197,183,175,156,142,122,110,102,102,114,130,149,167,173,181,192]}","{""action"":""stand""}"
88.jpg,338905,"{}",5,3,"{""name"":""polygon"",""all_points_x"":[342,356,364,378,398,410,420,436,445,440,428,418,409,396,396,390,375,363,351,351,348,358,363,364,375,398,413,431,442,402,378,361,340,329,312,296,285,280,272,235,240,245,253,266,281,281,280,281,277,266,264,277,285,283,277,262,254,251,259,264,273,302,315,329,331,332,337],""all_points_y"":[253,273,286,305,332,359,377,383,412,431,437,418,432,421,391,369,348,328,321,350,377,407,442,474,495,515,545,564,571,572,552,534,522,507,482,496,520,560,572,574,539,504,475,445,420,396,372,347,331,320,301,273,254,248,237,237,221,207,184,170,161,161,167,176,200,224,248]}","{""action"":""stand""}"
88.jpg,338905,"{}",5,4,"{""name"":""polygon"",""all_points_x"":[215,224,232,239,239,232,234,243,258,264,256,246,248,254,264,270,267,256,250,235,219,215,229,239,242,242,229,221,208,202,197,188,176,164,151,142,127,114,114,102,84,65,56,51,54,73,91,105,113,121,132,142,154,154,137,137,148,164,167,143,129,114,118,127,148,161,165,162,165,157,153,148,153,164,184,200,216,226,224],""all_points_y"":[111,119,134,156,180,205,231,256,283,304,313,318,345,375,396,428,447,466,485,490,490,482,474,463,447,423,399,378,359,332,321,321,340,369,393,417,434,463,490,495,483,475,466,452,445,450,444,425,396,363,337,304,272,262,262,251,235,223,208,213,223,224,205,196,194,184,162,137,122,113,97,73,57,49,45,45,59,78,97]}","{""action"":""stand""}"
89.jpg,48531,"{}",7,0,"{""name"":""polygon"",""all_points_x"":[616,626,635,639,638,631,620,621,617,615,611,614,611,610,608,611,605,596,596,599,596,598,595,593,585,579,576,578,574,576,577,568,551,545,555,562,561,560,563,566,570,575,575,574,576,575,573,574,581,576,577,581,590,603,609,611,609],""all_points_y"":[55,61,76,95,107,118,134,157,167,173,189,205,221,240,252,266,270,266,252,231,213,203,188,172,172,183,199,212,223,243,259,264,267,263,254,242,220,199,175,156,140,120,112,99,87,76,67,60,56,47,37,26,22,22,30,41,51]}","{""action"":""stand""}"
89.jpg,48531,"{}",7,1,"{""name"":""polygon"",""all_points_x"":[530,536,542,542,545,546,542,538,538,530,528,530,530,526,525,525,514,503,490,478,473,488,487,482,478,477,477,467,465,470,473,478,482,482,482,494,497,495,499,503,511,520,524,523,522],""all_points_y"":[45,50,58,73,91,109,126,143,157,161,180,197,215,232,251,267,272,269,269,269,263,254,241,219,197,179,157,156,147,130,109,96,71,59,47,43,39,30,17,12,11,15,25,33,41]}","{""action"":""stand""}"
89.jpg,48531,"{}",7,2,"{""name"":""polygon"",""all_points_x"":[405,413,419,423,428,424,412,406,409,411,414,416,421,423,424,430,439,430,419,413,415,411,405,404,399,395,391,384,383,381,382,384,386,385,369,360,371,369,366,367,363,361,363,365,362,361,343,332,331,341,352,360,370,367,372,376,384,395,397,396,393],""all_points_y"":[64,68,76,86,98,103,100,100,124,145,166,191,206,227,244,254,264,269,264,261,245,233,216,203,187,175,171,172,192,210,229,247,259,270,268,263,253,232,218,195,175,157,134,114,102,96,103,105,97,86,73,64,59,48,38,30,26,34,45,52,60]}","{""action"":""stand""}"
89.jpg,48531,"{}",7,3,"{""name"":""polygon"",""all_points_x"":[315,324,334,336,336,331,331,339,340,340,343,346,340,330,329,329,330,331,330,337,344,331,323,320,316,313,312,308,302,303,301,303,304,307,300,290,282,290,295,291,289,289,285,284,273,270,270,273,275,277,276,279,286,295,292,291,291,298,308,314,316],""all_points_y"":[55,60,64,77,88,96,106,107,121,138,145,157,163,161,181,200,214,233,247,258,263,269,267,240,216,193,172,166,168,186,209,231,252,263,268,268,263,256,244,227,213,197,178,167,167,153,139,122,107,89,77,63,59,55,47,40,30,24,24,30,39]}","{""action"":""stand""}"
89.jpg,48531,"{}",7,4,"{""name"":""polygon"",""all_points_x"":[260,269,278,276,275,271,268,266,259,259,261,258,257,260,251,245,246,247,245,246,243,243,241,234,231,230,232,233,237,237,222,211,209,219,223,217,215,213,211,200,204,207,211,212,212,214,218,231,229,231,236,250,257,260,258,256],""all_points_y"":[52,58,66,83,112,132,152,164,166,190,212,231,251,266,269,263,248,235,221,202,189,167,169,167,177,199,213,235,254,263,268,267,261,250,234,215,191,172,164,154,134,111,102,89,74,66,59,53,40,26,19,16,23,33,44,51]}","{""action"":""stand""}"
89.jpg,48531,"{}",7,5,"{""name"":""polygon"",""all_points_x"":[176,184,190,196,201,198,187,178,168,167,166,164,164,165,161,158,160,164,149,144,147,148,146,144,140,133,131,131,129,130,123,109,105,117,114,112,117,119,113,107,101,103,111,117,124,134,137,136,142,153,164,169,167,165],""all_points_y"":[55,63,74,85,97,106,117,132,137,154,174,188,201,219,232,245,258,267,268,253,230,203,187,167,166,184,204,228,253,266,266,268,260,246,220,201,175,151,132,114,99,81,72,61,53,49,38,27,18,14,22,34,44,50]}","{""action"":""stand""}"
89.jpg,48531,"{}",7,6,"{""name"":""polygon"",""all_points_x"":[94,105,113,103,96,94,94,102,108,98,100,96,88,89,84,79,82,86,77,66,69,72,72,73,73,71,63,57,54,50,46,46,44,31,23,14,15,28,34,36,42,42,44,48,48,39,33,30,26,35,46,55,65,63,64,69,76,84,88,88,85],""all_points_y"":[52,61,68,78,73,88,100,107,121,129,153,167,180,202,219,241,256,263,268,264,246,218,202,183,165,162,166,185,201,217,236,254,261,264,266,263,259,252,241,216,196,183,160,144,128,116,104,93,83,68,59,51,49,38,24,17,16,22,28,37,48]}","{""action"":""stand""}"
91.jpg,84256,"{}",1,0,"{""name"":""polygon"",""all_points_x"":[373,411,425,430,433,417,373,382,409,403,406,403,409,417,409,414,430,441,398,376,357,368,357,346,346,344,325,309,303,290,281,271,268,263,252,246,254,249,214,173,165,195,203,198,195,198,195,192,208,219,211,171,160,165,162,179,230,260,254,249,263,287,311,341,355,357,355,344,341],""all_points_y"":[198,225,252,281,327,360,387,455,512,566,620,660,704,758,809,869,912,947,953,931,899,861,817,782,742,685,633,595,574,604,641,682,723,782,820,866,909,923,955,955,926,890,834,755,706,636,579,520,484,433,392,379,327,284,241,217,187,179,143,111,68,43,38,49,62,100,138,162,187]}","{""action"":""stand""}"
92.jpg,78450,"{}",3,0,"{""name"":""polygon"",""all_points_x"":[382,390,401,404,405,406,407,410,406,397,396,398,392,391,391,387,386,383,377,377,367,366,369,371,369,364,363,362,361,363,354,342,344,351,346,346,348,346,350,349,346,341,332,323,313,307,308,313,324,332,337,338,344,354,359,356,355,357,362,372,381,384,384],""all_points_y"":[136,139,145,159,177,195,214,228,240,237,224,206,193,213,236,262,283,302,319,333,333,320,297,275,248,263,280,301,316,326,333,332,321,308,289,267,242,230,200,178,170,186,198,210,222,222,212,202,187,171,158,146,141,137,135,126,115,105,100,100,106,115,124]}","{""action"":""stand""}"
92.jpg,78450,"{}",3,1,"{""name"":""polygon"",""all_points_x"":[287,294,299,308,310,307,295,285,277,265,259,254,252,254,258,257,257,256,257,259,269,266,245,245,240,240,234,232,226,223,223,225,224,211,214,210,210,211,205,200,206,207,208,207,202,178,162,151,135,126,128,134,139,145,154,180,200,216,221,216,217,220,229,241,247,249,246,246,254,263,268],""all_points_y"":[187,198,208,212,220,225,222,204,186,169,158,174,190,211,236,254,268,294,311,322,329,333,333,308,285,264,249,246,264,288,315,329,331,333,319,294,272,254,236,226,207,192,181,164,146,138,129,119,108,104,92,87,88,95,108,119,127,132,127,114,104,94,92,93,100,113,126,132,135,137,145]}","{""action"":""stand""}"
92.jpg,78450,"{}",3,2,"{""name"":""polygon"",""all_points_x"":[129,127,120,114,106,104,103,100,101,104,100,97,95,89,85,86,79,71,71,76,79,78,76,70,66,68,63,68,51,50,54,52,50,51,49,52,53,57,59,56,46,33,20,17,13,16,18,24,29,27,26,33,40,52,62,65,57,59,63,74,85,93,92,88,89,99,114,121,127,131],""all_points_y"":[116,124,134,144,149,162,176,187,204,226,241,263,285,304,314,330,332,329,316,294,279,267,251,260,278,297,315,332,334,324,314,300,288,263,245,217,199,188,166,150,141,125,103,93,83,72,62,58,64,74,83,100,110,122,129,121,113,107,99,93,99,104,114,123,130,129,120,106,97,108]}","{""action"":""stand""}"
93.jpg,337153,"{}",1,0,"{""name"":""polygon"",""all_points_x"":[509,523,523,509,517,520,501,466,474,477,474,463,449,460,463,452,452,460,412,347,306,260,252,265,311,322,322,317,306,290,268,252,246,252,265,260,244,230,211,198,208,238,241,244,257,298,284,287,295,309,336,371,406,414,422,414,455,490],""all_points_y"":[208,241,273,290,344,390,412,420,463,520,590,661,720,791,850,921,969,1013,1018,1015,1007,1010,994,975,961,926,864,823,788,758,699,655,601,566,517,474,441,414,398,371,336,295,284,236,208,192,173,138,100,76,62,65,89,111,149,176,176,187]}","{""action"":""stand""}"
94.jpg,93171,"{}",4,0,"{""name"":""polygon"",""all_points_x"":[149,149,153,156,160,153,149,148,140,136,141,146,145,141,90,79,65,51,42,35,36,44,48,40,29,26,36,43,49,56,62,70,76,77,77,82,89,83,80,73,70,70,74,75,83,96,110,118,124,124,119,114,117,128,135,144],""all_points_y"":[140,160,182,206,230,238,260,293,299,316,343,365,388,397,397,379,357,339,330,321,303,287,268,263,263,252,236,226,209,187,170,155,138,117,108,93,87,76,69,65,51,42,32,20,11,8,13,22,34,44,56,62,72,80,87,109]}","{""action"":""stand""}"
94.jpg,93171,"{}",4,1,"{""name"":""polygon"",""all_points_x"":[337,353,362,372,382,394,395,387,377,371,363,342,327,320,311,311,310,307,307,308,311,312,315,303,303,303,300,299,283,280,278,279,276,268,255,248,239,233,233,213,216,217,219,229,227,227,228,229,227,222,217,207,202,207,220,224,238,252,263,265,265,271,282,291,305,311,312,309,305,321,329],""all_points_y"":[132,136,138,144,153,164,175,181,177,168,160,153,148,145,143,162,177,193,216,240,261,289,309,312,334,363,387,395,397,374,356,333,311,291,317,339,367,386,398,396,379,357,342,320,303,278,257,244,229,209,198,190,176,158,141,126,113,106,106,89,76,65,59,59,64,79,90,101,117,121,127]}","{""action"":""stand""}"
94.jpg,93171,"{}",4,2,"{""name"":""polygon"",""all_points_x"":[452,466,470,472,469,466,466,475,469,464,460,466,462,462,464,434,434,445,445,440,434,430,423,416,415,415,412,416,419,384,387,395,397,393,393,395,394,388,385,391,394,398,399,394,400,412,419,409,411,417,429,441,448,449,447],""all_points_y"":[127,134,148,167,186,205,216,243,264,288,306,334,358,386,397,399,393,373,341,318,299,284,288,302,328,349,369,386,397,396,388,379,360,339,320,299,276,258,244,224,207,183,168,150,137,131,126,109,97,89,86,89,98,109,122]}","{""action"":""stand""}"
94.jpg,93171,"{}",4,3,"{""name"":""polygon"",""all_points_x"":[548,552,556,559,564,566,569,567,566,565,558,550,547,550,557,557,557,536,532,523,512,515,512,505,481,486,482,480,478,482,485,491,491,489,489,487,469,449,403,394,396,399,419,449,469,481,490,494,505,508,506,493,488,486,487,493,504,517,530,540,549,556,551],""all_points_y"":[77,84,100,118,134,159,186,213,235,257,273,289,303,325,345,382,397,396,372,338,320,353,374,395,396,374,348,327,310,284,269,232,212,198,185,166,167,170,176,168,160,144,149,156,147,144,126,111,91,88,78,76,67,51,39,26,19,16,22,26,34,46,61]}","{""action"":""stand""}"
95.jpg,80530,"{}",1,0,"{""name"":""polygon"",""all_points_x"":[290,302,321,330,340,332,311,300,276,254,232,233,240,243,248,244,244,241,238,238,255,273,257,214,194,194,205,200,205,208,198,190,178,163,148,135,130,116,106,106,97,81,62,63,84,92,102,117,124,125,132,132,143,136,135,135,149,173,162,160,173,192,211,232,229,227,230],""all_points_y"":[146,156,173,205,236,260,267,252,241,235,235,263,287,330,370,401,438,473,528,546,568,582,595,590,582,559,525,482,457,433,401,381,400,408,435,444,470,511,536,560,581,592,587,555,511,470,440,416,378,344,313,287,251,206,176,148,125,109,75,52,32,29,35,56,73,100,113]}","{""action"":""stand""}"
98.jpg,44823,"{}",7,0,"{""name"":""polygon"",""all_points_x"":[164,161,153,147,133,121,113,107,100,103,107,111,113,112,112,117,121,119,120,124,128,115,111,107,105,98,97,93,89,82,77,74,71,73,72,74,75,67,52,47,57,60,54,52,53,51,45,43,47,50,47,46,43,40,29,21,11,6,2,3,10,20,33,45,57,63,61,59,61,67,75,86,93,93,90,86,98,108,127,137,146,152,156],""all_points_y"":[34,45,60,70,84,98,103,119,136,158,178,197,225,238,256,267,289,311,329,340,353,360,351,331,313,295,278,266,249,228,222,244,267,291,311,334,347,358,359,352,342,329,307,289,268,250,228,199,183,165,141,127,112,102,86,74,58,48,40,13,27,47,70,78,86,88,78,66,58,52,49,53,61,69,80,88,85,78,68,58,44,37,27]}","{""action"":""stand""}"
98.jpg,44823,"{}",7,1,"{""name"":""polygon"",""all_points_x"":[306,306,307,303,294,286,277,273,270,276,278,279,277,274,267,256,258,265,274,262,249,247,243,238,234,238,237,232,225,223,229,229,221,214,198,186,176,168,163,158,157,166,172,177,185,196,206,214,226,233,237,231,233,239,250,259,262,262,260,273,285,298,298,298,308],""all_points_y"":[45,60,68,81,92,108,115,130,151,174,199,231,251,273,289,306,321,332,348,352,350,336,324,308,293,271,255,234,209,191,172,147,134,112,93,72,59,44,36,27,16,14,25,39,51,67,77,84,95,101,95,84,71,63,60,66,80,91,101,94,80,61,48,42,38]}","{""action"":""stand""}"
98.jpg,44823,"{}",7,2,"{""name"":""polygon"",""all_points_x"":[362,361,357,353,354,354,351,351,357,358,355,357,357,357,373,363,348,346,343,339,337,333,329,325,327,332,326,313,313,311,310,313,309,304,305,309,311,310,335,349,351,349,352,358],""all_points_y"":[83,96,107,121,133,151,170,186,210,233,256,279,301,309,326,332,326,318,297,273,245,230,251,282,301,318,322,318,301,284,272,252,232,214,192,174,162,148,126,117,92,87,55,58]}","{""action"":""stand""}"
98.jpg,44823,"{}",7,3,"{""name"":""polygon"",""all_points_x"":[454,447,441,431,425,424,425,425,430,430,426,420,418,414,417,430,432,420,406,400,402,400,402,403,395,391,389,392,403,394,381,378,375,378,378,383,387,383,381,382,386,379,376,372,366,363,357,349,350,353,362,366,376,379,385,397,406,409,411,420,430,438,444,450,452,459,459],""all_points_y"":[58,70,85,102,120,131,148,166,189,206,227,243,265,290,300,308,315,315,312,305,285,268,250,240,252,274,291,305,318,318,315,312,292,272,257,239,222,205,190,170,154,131,119,108,90,75,61,47,40,34,42,57,78,90,79,76,79,90,103,94,76,62,50,45,37,38,51]}","{""action"":""stand""}"
98.jpg,44823,"{}",7,4,"{""name"":""polygon"",""all_points_x"":[525,523,522,518,511,503,507,506,505,505,508,509,504,499,492,495,498,509,515,495,482,477,467,467,476,478,477,472,468,474,473,468,461,461,465,462,462,462,462,462,470,472,476,477,485,492,496,497,506,512,515,513,514,520,525],""all_points_y"":[66,76,87,100,113,127,132,155,171,185,201,221,236,252,264,286,291,298,306,304,303,290,286,278,258,240,219,203,193,172,154,143,129,117,98,79,65,56,51,42,46,61,74,88,88,94,102,109,94,79,66,61,55,53,59]}","{""action"":""stand""}"
98.jpg,44823,"{}",7,5,"{""name"":""polygon"",""all_points_x"":[184,188,184,182,183,173,163,166,165,164,161,160,159,160,164,169,175,178,181],""all_points_y"":[193,209,224,235,253,256,250,235,217,202,196,196,186,179,176,170,171,172,183]}","{""action"":""stand""}"
98.jpg,44823,"{}",7,6,"{""name"":""polygon"",""all_points_x"":[212,215,218,217,210,205,203,200,201,201,193,191,191,188,188,188,187,188,186,190,193,198,203,209,211],""all_points_y"":[213,225,242,252,252,238,231,231,246,254,254,248,233,220,211,203,192,184,180,171,166,166,173,180,194]}","{""action"":""stand""}"
99.jpg,262500,"{}",1,0,"{""name"":""polygon"",""all_points_x"":[480,499,501,504,518,526,556,577,596,612,637,615,574,537,550,561,542,509,474,447,401,369,350,295,301,303,301,306,317,328,290,233,206,198,238,260,244,238,230,217,238,257,274,236,217,211,233,263,238,257,249,228,217,241,233,211,222,225,252,285,314,314,317,352,404,431,453],""all_points_y"":[420,472,542,602,667,705,737,797,854,900,946,967,989,978,935,894,845,786,740,732,729,661,705,694,748,770,808,864,910,951,965,970,973,948,919,881,810,764,702,664,604,556,520,531,504,474,453,439,406,379,336,295,263,228,203,182,144,111,98,98,130,165,195,206,225,260,317]}","{""action"":""stand""}"
101.jpg,214254,"{}",1,0,"{""name"":""polygon"",""all_points_x"":[462,479,506,496,465,411,424,434,455,493,513,517,503,458,434,383,393,404,434,390,342,311,281,253,270,301,294,298,291,260,236,216,209,219,226,181,168,157,178,212,229,209,212,216,233,274,304,332,346,342,346,376,414,438],""all_points_y"":[298,346,393,431,441,407,465,558,629,691,780,852,907,954,996,1040,1091,1160,1204,1218,1208,1173,1129,1074,1043,1016,975,924,855,838,770,701,612,544,489,434,373,315,270,243,229,188,140,109,79,72,86,123,154,185,216,226,236,250]}","{""action"":""stand""}"
102.jpg,72530,"{}",1,0,"{""name"":""polygon"",""all_points_x"":[495,516,528,512,479,454,429,438,450,448,442,458,458,462,470,493,514,493,460,436,427,425,415,399,396,359,349,335,329,310,302,292,296,275,234,218,218,247,261,257,263,267,255,259,267,240,201,177,162,179,205,220,236,269,290,284,281,286,302,327,349,360,368,364,368,403,434,458],""all_points_y"":[357,388,415,442,485,520,540,586,633,678,705,758,818,863,887,922,951,968,968,953,926,863,828,781,729,633,647,674,719,781,830,902,941,957,976,961,931,906,865,809,758,703,637,594,544,526,489,462,429,394,357,331,312,300,290,265,232,193,179,173,181,197,226,257,279,294,306,321]}","{""action"":""stand""}"
104.jpg,64561,"{}",4,0,"{""name"":""polygon"",""all_points_x"":[475,460,442,421,413,409,405,402,407,413,415,412,409,405,407,409,406,402,401,395,379,367,374,371,352,341,342,343,347,354,353,353,352,343,333,333,345,361,353,353,361,373,386,393,393,391,406,421,444,462,475],""all_points_y"":[69,80,83,85,85,99,117,131,145,158,175,195,219,237,251,275,292,317,336,343,337,337,312,292,267,247,229,207,185,165,136,111,93,87,81,71,66,60,42,28,18,15,17,30,45,61,61,65,65,62,52]}","{""action"":""stand""}"
104.jpg,64561,"{}",4,1,"{""name"":""polygon"",""all_points_x"":[347,338,331,325,323,329,337,334,332,327,328,327,321,317,325,308,301,308,305,307,309,305,299,295,294,293,293,294,287,273,269,275,277,274,272,276,274,274,273,278,281,275,265,253,237,237,254,265,285,289,283,283,287,301,311,319,319,313,329],""all_points_y"":[93,96,93,103,127,143,167,192,216,239,255,280,299,321,339,342,323,294,276,253,237,210,226,252,279,308,331,342,345,346,337,326,307,281,263,234,206,183,163,147,125,103,95,107,109,89,81,74,74,65,52,39,29,26,29,39,52,67,69]}","{""action"":""stand""}"
104.jpg,64561,"{}",4,2,"{""name"":""polygon"",""all_points_x"":[277,265,251,240,235,234,233,237,241,241,244,244,243,237,235,245,250,233,207,207,206,199,193,192,183,177,177,182,182,175,167,145,127,105,109,131,170,178,179,189,196,205,219,225,224,227,248,265,279,282,283],""all_points_y"":[61,67,73,74,84,107,129,148,177,199,229,257,282,309,325,338,347,351,349,340,314,299,273,249,212,189,163,139,116,89,74,65,53,44,30,38,51,48,29,10,4,4,12,20,36,51,55,49,43,48,55]}","{""action"":""stand""}"
104.jpg,64561,"{}",4,3,"{""name"":""polygon"",""all_points_x"":[119,113,113,114,125,131,134,139,139,145,147,159,173,171,154,129,132,123,115,113,95,90,88,89,92,94,107,99,81,80,68,66,64,61,54,55,63,64,53,52,49,32,18,6,2,1,12,21,43,63,76,71,73,73,81,93,105,107,105,104,113],""all_points_y"":[109,133,155,174,197,217,239,262,285,318,331,342,343,351,355,351,331,308,285,264,227,255,271,294,314,333,352,358,354,338,307,285,261,228,201,175,154,136,121,102,97,103,103,95,87,60,72,81,77,68,65,49,34,28,20,18,24,37,47,65,75]}","{""action"":""stand""}"
105.jpeg,162226,"{}",6,0,"{""name"":""polygon"",""all_points_x"":[117,125,123,125,126,128,125,127,117,120,115,118,121,118,116,123,135,133,114,93,94,98,91,85,76,69,67,63,60,59,56,60,60,41,17,19,35,37,33,32,33,27,27,11,5,5,6,6,9,13,31,31,31,34,42,53,66,85,93,88,79,81,96,107],""all_points_y"":[127,143,169,199,230,258,277,296,306,329,355,377,401,427,451,467,484,493,497,493,460,416,378,352,323,301,333,354,391,411,445,475,493,496,493,480,471,451,423,391,362,338,313,301,273,241,209,171,146,125,116,99,75,61,47,45,46,52,67,87,94,109,117,120]}","{""action"":""stand""}"
105.jpeg,162226,"{}",6,1,"{""name"":""polygon"",""all_points_x"":[271,283,288,287,283,281,272,279,279,279,279,285,283,276,278,293,279,257,259,257,251,245,231,223,219,217,213,220,212,190,174,189,189,187,195,184,180,178,168,169,172,185,208,219,215,215,223,240,254,265,274,277,273,259],""all_points_y"":[123,130,148,166,187,209,235,257,294,326,351,389,419,449,469,495,501,497,469,423,387,342,309,333,376,411,451,475,488,498,489,468,423,386,341,302,269,251,207,176,149,124,111,101,81,63,49,45,43,53,73,92,108,111]}","{""action"":""stand""}"
105.jpeg,162226,"{}",6,2,"{""name"":""polygon"",""all_points_x"":[479,477,471,469,462,461,461,461,456,450,451,452,447,441,440,447,431,412,415,418,420,425,423,421,417,405,394,389,391,384,379,383,384,359,340,327,329,349,358,357,357,362,363,368,374,379,382,385,379,354,333,332,347,356,351,357,369,386,394,387,375,363,357,377,399,393,387,396,411,432,435,443,455,464,462,455],""all_points_y"":[127,138,149,169,199,229,259,296,323,353,379,408,434,462,479,499,505,499,473,439,407,385,361,329,312,319,349,372,401,427,457,481,499,501,498,493,481,471,453,417,383,357,324,285,248,221,185,163,140,136,128,109,70,49,30,13,7,13,30,48,63,85,110,109,112,86,70,57,50,51,35,22,19,24,41,57]}","{""action"":""stand""}"
105.jpeg,162226,"{}",6,3,"{""name"":""polygon"",""all_points_x"":[610,617,623,629,635,640,639,628,613,600,601,606,601,593,587,589,595,596,592,589,597,596,567,568,571,566,565,557,561,554,549,547,546,546,551,556,537,519,503,505,521,525,519,518,515,512,510,499,507,494,485,486,496,503,509,526,535,531,534,541,547,562,573,582,584,582],""all_points_y"":[116,127,143,160,181,195,209,217,229,236,266,289,301,315,349,369,388,416,442,468,495,505,506,479,447,415,381,359,331,316,339,370,405,442,475,500,504,504,501,486,479,459,424,386,363,323,308,289,255,230,209,191,165,143,121,111,105,83,65,56,51,51,61,78,94,102]}","{""action"":""stand""}"
105.jpeg,162226,"{}",6,4,"{""name"":""polygon"",""all_points_x"":[747,759,773,779,779,779,776,766,769,766,764,759,760,765,755,747,747,738,707,720,729,729,731,726,727,721,707,696,689,693,685,686,692,696,682,667,639,645,657,663,657,657,657,662,667,649,645,649,656,664,672,677,677,678,691,695,691,688,691,705,727,743,749,745,739],""all_points_y"":[120,129,139,158,188,218,236,257,287,306,338,360,388,411,445,478,492,506,507,485,463,433,391,367,342,314,334,361,382,407,429,454,479,495,501,505,503,491,477,457,424,390,365,341,311,307,291,266,244,215,189,163,142,129,121,107,89,69,53,45,47,55,74,95,107]}","{""action"":""stand""}"
105.jpeg,162226,"{}",6,5,"{""name"":""polygon"",""all_points_x"":[874,887,893,893,887,885,879,877,880,885,887,882,880,883,855,860,859,855,853,847,842,835,824,817,812,807,801,801,801,755,760,769,780,777,780,784,787,785,771,769,778,784,787,795,797,798,801,821,819,816,817,825,841,856,870,875,870,864,869],""all_points_y"":[117,127,133,274,296,319,327,357,377,400,425,457,486,505,504,479,445,412,395,369,339,324,350,379,411,442,468,489,505,505,497,488,472,435,400,373,338,321,310,289,261,238,214,190,162,142,127,115,105,90,73,58,51,51,61,79,91,107,115]}","{""action"":""stand""}"
108.jpg,74271,"{}",4,0,"{""name"":""polygon"",""all_points_x"":[401,417,428,439,432,421,412,400,397,393,381,377,369,370,384,370,346,348,355,365,373,367,366,390,395,387,381,365,361,363,355,357,369,383,396,404,398,397],""all_points_y"":[77,82,100,120,143,165,183,189,215,255,283,312,338,351,370,379,369,340,311,271,231,211,190,189,161,141,120,113,89,70,48,28,17,13,14,31,45,71]}","{""action"":""stand""}"
108.jpg,74271,"{}",4,1,"{""name"":""polygon"",""all_points_x"":[328,331,325,327,330,345,359,361,363,361,373,383,387,395,394,389,369,364,365,371,368,363,356,351,343,341,355,364,299,303,302,311,303,307,307,296,294,293,298,307,328,333],""all_points_y"":[111,103,96,82,72,66,70,86,102,113,117,122,141,160,178,189,187,187,211,232,257,280,314,345,365,377,386,395,395,381,345,311,270,238,221,198,179,155,134,123,113,108]}","{""action"":""stand""}"
108.jpg,74271,"{}",4,2,"{""name"":""polygon"",""all_points_x"":[271,279,288,294,295,285,268,253,258,256,246,237,233,224,222,231,245,234,215,205,199,179,181,183,184,189,187,192,191,173,153,141,138,157,179,197,213,209,208,211,219,231,244,249,249,247,251],""all_points_y"":[95,103,111,123,137,145,163,181,208,245,271,300,327,345,356,364,375,383,380,379,391,391,364,330,305,275,234,201,182,159,148,137,127,110,95,86,77,64,47,37,31,28,31,45,61,77,85]}","{""action"":""stand""}"
108.jpg,74271,"{}",4,3,"{""name"":""polygon"",""all_points_x"":[164,153,143,133,132,129,131,133,126,121,114,111,111,128,141,127,55,56,57,61,71,75,71,67,74,83,76,79,85,91,99,109,107,104,105,117,128,139,147,151,149,145,137,133,139,161,172],""all_points_y"":[163,169,173,175,191,209,237,259,281,305,330,354,371,379,391,395,394,375,352,323,298,267,245,225,208,199,175,155,129,116,110,104,87,76,65,59,56,58,68,84,101,111,113,128,153,149,160]}","{""action"":""stand""}"
109.jpg,137355,"{}",7,0,"{""name"":""polygon"",""all_points_x"":[93,103,112,115,112,111,111,109,105,99,97,99,103,95,98,99,79,74,82,75,75,72,70,66,63,57,60,57,25,20,25,35,40,39,38,39,36,34,35,36,25,21,23,28,35,50,59,51,52,59,69,81,87,91,87,83],""all_points_y"":[133,141,151,167,185,207,225,247,263,276,306,329,352,376,398,425,428,415,387,351,331,309,289,309,351,377,405,424,426,423,410,399,385,362,341,316,293,256,233,206,205,192,173,150,136,133,125,115,99,85,80,87,96,111,117,129]}","{""action"":""stand""}"
109.jpg,137355,"{}",7,1,"{""name"":""polygon"",""all_points_x"":[189,197,205,212,210,208,205,203,195,189,191,194,192,192,194,170,175,172,169,168,161,159,153,151,148,149,154,153,130,119,117,133,131,129,131,130,130,130,136,140,137,131,112,114,115,117,129,129,145,152,146,140,147,154,169,182,181,179,177],""all_points_y"":[149,153,159,177,197,226,257,280,282,313,338,364,393,412,430,425,397,369,340,314,290,307,331,354,377,395,415,425,429,423,417,403,381,350,331,307,281,257,229,211,196,213,218,185,168,149,149,163,154,143,134,119,102,97,97,109,121,134,147]}","{""action"":""stand""}"
109.jpg,137355,"{}",7,2,"{""name"":""polygon"",""all_points_x"":[274,287,292,294,297,289,288,279,280,281,278,272,275,267,248,231,226,238,232,226,223,219,221,222,224,218,209,209,214,219,219,231,237,241,234,234,241,251,263,270,272,268,269],""all_points_y"":[175,183,193,212,238,268,287,307,332,361,385,404,423,431,430,433,425,403,376,357,325,293,257,242,229,237,232,221,199,186,171,168,175,170,157,141,131,129,130,140,154,166,177]}","{""action"":""stand""}"
109.jpg,137355,"{}",7,3,"{""name"":""polygon"",""all_points_x"":[349,363,368,370,370,368,359,357,362,365,361,359,359,362,361,359,364,347,327,314,319,327,327,325,321,320,317,310,309,309,308,299,296,296,297,306,319,323,311,310,318,328,339,348,353,349,345],""all_points_y"":[172,177,186,206,227,237,239,248,268,288,304,335,351,373,399,417,433,439,436,433,423,412,397,381,370,349,330,309,289,267,247,236,216,202,189,182,177,167,151,137,129,125,128,131,145,157,169]}","{""action"":""stand""}"
109.jpg,137355,"{}",7,4,"{""name"":""polygon"",""all_points_x"":[427,433,431,430,432,425,430,432,432,433,441,437,436,437,423,397,383,377,394,399,389,381,374,367,367,371,373,371,368,371,382,383,373,373,383,398,408,417,425,427,421,421,430],""all_points_y"":[161,171,189,209,235,243,269,293,319,345,373,395,423,439,446,443,441,432,421,403,363,335,302,296,279,249,219,196,183,173,165,155,145,129,112,103,108,114,129,141,148,158,167]}","{""action"":""stand""}"
109.jpg,137355,"{}",7,5,"{""name"":""polygon"",""all_points_x"":[496,511,520,524,521,518,511,516,520,522,517,517,516,523,527,525,525,531,528,504,476,466,441,432,435,449,462,469,465,463,460,453,445,439,445,448,446,445,447,447,459,459,451,447,446,450,457,469,485,494,496,493,491],""all_points_y"":[103,112,123,145,163,183,199,215,240,263,288,312,327,350,374,401,423,451,462,465,460,452,451,444,439,435,425,413,386,361,330,297,275,263,241,218,186,155,141,128,121,109,95,80,67,57,51,49,52,61,75,89,101]}","{""action"":""stand""}"
109.jpg,137355,"{}",7,6,"{""name"":""polygon"",""all_points_x"":[604,613,617,617,612,608,602,603,607,615,613,605,601,598,598,603,611,611,608,613,617,615,595,531,530,538,555,566,567,563,559,551,550,549,533,524,535,541,544,542,539,539,528,527,539,551,551,538,532,529,535,551,564,578,587,588,583,585,598],""all_points_y"":[85,95,106,127,145,166,179,195,212,232,251,268,287,308,327,345,371,392,415,434,462,477,479,477,465,452,447,431,407,381,355,333,309,291,287,267,245,211,191,166,144,129,120,107,93,100,85,74,54,38,23,15,16,24,36,53,68,81,81]}","{""action"":""stand""}"
110.jpg,16917,"{}",4,0,"{""name"":""polygon"",""all_points_x"":[49,55,62,63,63,55,58,58,58,55,53,56,43,40,37,25,22,21,20,5,3,8,9,5,9,11,3,3,13,24,21,22,29,43,49,48,45],""all_points_y"":[91,95,102,115,131,148,176,199,215,237,261,279,283,246,217,218,241,263,277,283,269,247,212,204,169,141,124,103,92,86,71,56,52,54,63,76,86]}","{""action"":""stand""}"
110.jpg,16917,"{}",4,1,"{""name"":""polygon"",""all_points_x"":[101,110,116,116,117,111,108,113,117,118,110,113,114,118,124,111,102,103,98,94,83,83,82,83,81,65,59,69,69,69,69,59,62,65,65,63,61,63,73,77,75,75,81,91,97,99,96,98],""all_points_y"":[78,81,86,97,120,135,148,169,190,204,205,229,250,259,275,278,267,237,215,207,207,224,243,261,271,280,267,254,231,217,208,199,176,145,131,105,95,83,77,71,57,46,39,41,49,59,67,75]}","{""action"":""stand""}"
110.jpg,16917,"{}",4,2,"{""name"":""polygon"",""all_points_x"":[161,175,179,179,177,173,175,179,183,175,180,183,192,190,175,171,166,162,160,146,147,147,150,145,135,128,127,132,131,132,129,120,123,127,125,121,121,136,138,133,133,138,147,155,160,160,157],""all_points_y"":[77,84,89,103,121,141,167,196,208,209,229,252,275,283,281,261,235,219,209,210,228,249,265,278,282,277,265,247,239,221,208,203,175,145,126,103,88,81,76,65,53,47,45,45,57,68,76]}","{""action"":""stand""}"
110.jpg,16917,"{}",4,3,"{""name"":""polygon"",""all_points_x"":[221,225,231,237,239,238,234,237,239,237,238,237,240,229,220,221,216,203,203,206,209,205,193,193,189,189,183,183,185,187,179,177,179,183,194,198,191,195,199,207,215,220,219,219],""all_points_y"":[85,86,90,95,111,131,141,171,193,213,230,252,284,277,262,236,213,217,239,257,270,284,279,258,229,208,205,186,165,147,139,122,107,93,87,81,71,59,49,49,52,59,70,79]}","{""action"":""stand""}"
111.jpg,74161,"{}",4,0,"{""name"":""polygon"",""all_points_x"":[127,137,147,149,151,151,146,147,140,140,140,140,122,119,113,108,106,86,86,82,80,81,81,63,47,39,41,60,74,89,86,87,95,105,118,126,127,121],""all_points_y"":[91,97,109,127,151,173,191,207,219,235,252,278,277,245,222,244,277,277,251,217,191,173,159,151,145,137,127,112,101,93,79,63,55,53,55,61,74,86]}","{""action"":""stand""}"
111.jpg,74161,"{}",4,1,"{""name"":""polygon"",""all_points_x"":[224,236,249,262,271,261,243,235,234,235,232,237,215,214,209,203,194,189,194,196,173,164,165,171,179,171,164,161,165,171,185,176,174,179,186,200,210,215,219,219],""all_points_y"":[87,98,113,133,145,160,176,190,215,247,250,278,277,263,243,227,245,259,269,278,277,262,242,211,185,173,141,123,105,100,90,77,61,47,42,39,43,56,69,83]}","{""action"":""stand""}"
111.jpg,74161,"{}",4,2,"{""name"":""polygon"",""all_points_x"":[297,308,316,319,319,317,311,313,309,299,297,297,295,290,276,275,277,273,267,261,260,246,243,245,247,251,257,269,270,257,247,252,267,263,267,273,280,293,298,300],""all_points_y"":[95,100,107,121,141,161,182,194,209,211,230,243,267,278,277,251,231,219,234,254,276,277,252,224,192,177,165,152,143,123,111,101,93,79,67,58,56,60,67,79]}","{""action"":""stand""}"
111.jpg,74161,"{}",4,3,"{""name"":""polygon"",""all_points_x"":[394,403,404,401,399,399,393,392,385,377,379,377,373,363,362,361,360,356,349,339,336,331,327,316,318,323,326,331,339,341,341,340,321,313,307,304,306,318,327,327,319,323,329,341,359,362,361,369,381,393,397,389,389],""all_points_y"":[91,101,112,128,138,162,185,203,217,219,240,263,278,278,255,235,213,187,205,226,243,264,278,277,247,225,193,165,146,123,103,91,69,61,38,25,11,0,0,9,17,37,54,67,80,68,53,43,43,51,65,75,87]}","{""action"":""stand""}"
112.jpg,461694,"{}",3,0,"{""name"":""polygon"",""all_points_x"":[555,583,602,616,618,610,571,577,583,573,557,559,542,540,550,550,513,501,505,507,501,489,483,487,483,472,442,431,450,444,438,429,423,423,431,438,442,431,421,413,419,437,466,477,468,462,458,479,509,532,555,559,553,544,540],""all_points_y"":[267,281,294,343,390,435,458,513,575,624,678,725,778,824,859,898,891,842,774,705,622,657,727,793,850,879,891,875,828,770,717,659,614,561,513,472,450,411,378,333,300,288,277,263,232,201,177,146,138,148,166,189,218,240,259]}","{""action"":""stand""}"
112.jpg,461694,"{}",3,1,"{""name"":""polygon"",""all_points_x"":[372,394,411,415,421,423,417,409,403,417,417,413,407,403,405,396,392,399,392,364,361,366,368,364,355,353,345,347,345,343,349,355,341,308,290,290,310,314,302,298,290,283,286,286,275,265,255,255,265,288,302,294,286,302,329,361,376,384,374,368],""all_points_y"":[302,310,314,333,374,401,437,462,483,520,563,604,643,684,739,778,815,850,883,875,824,762,711,663,624,594,616,661,711,748,797,838,855,873,863,848,817,781,731,680,629,579,538,485,435,403,372,343,322,306,275,244,212,185,177,183,201,224,255,294]}","{""action"":""stand""}"
112.jpg,461694,"{}",3,2,"{""name"":""polygon"",""all_points_x"":[201,218,240,257,269,275,259,251,263,267,240,253,255,249,240,247,247,232,228,240,228,199,189,201,199,201,189,179,168,164,179,173,179,181,152,117,103,129,138,119,115,109,103,109,119,107,84,78,78,99,138,127,121,119,142,181,209,220,224],""all_points_y"":[240,247,259,265,288,314,329,355,403,425,448,505,557,612,649,688,727,768,811,848,871,863,817,781,733,688,641,583,626,668,717,762,797,836,850,859,848,811,772,711,657,614,557,483,433,403,353,312,281,263,246,207,170,142,127,117,127,154,185]}","{""action"":""stand""}"
113.jpg,9439,"{}",3,0,"{""name"":""polygon"",""all_points_x"":[201,216,232,246,258,257,246,236,216,203,191,181,180,180,184,185,189,193,194,195,188,183,179,173,169,167,166,169,167,167,159,158,156,153,152,157,155,155,151,160,157,162,173,179,179,177,185],""all_points_y"":[51,50,43,39,39,42,45,52,58,61,58,57,73,97,118,134,147,159,173,181,181,167,153,137,121,115,141,159,173,181,181,158,137,113,94,79,66,61,50,47,31,22,20,27,37,46,45]}","{""action"":""stand""}"
113.jpg,9439,"{}",3,1,"{""name"":""polygon"",""all_points_x"":[147,145,143,145,141,139,137,133,133,115,119,119,120,117,122,124,113,107,108,119,131,131,129,129,133,139,144,144,144,150,153],""all_points_y"":[67,77,89,103,123,141,159,169,182,181,168,146,118,95,77,65,67,65,59,57,54,50,44,36,32,32,38,45,52,52,64]}","{""action"":""stand""}"
113.jpg,9439,"{}",3,2,"{""name"":""polygon"",""all_points_x"":[101,105,109,108,105,103,99,97,93,90,87,88,89,81,60,63,64,67,71,78,78,59,39,19,10,5,12,29,50,68,81,86,86,89,97,104,104,104,102],""all_points_y"":[51,54,58,65,71,87,100,117,132,149,163,171,180,182,182,161,136,111,88,69,55,52,44,35,31,21,21,27,35,41,42,44,34,26,26,30,39,46,49]}","{""action"":""stand""}"
114.jpg,82876,"{}",4,0,"{""name"":""polygon"",""all_points_x"":[174,183,194,200,201,201,201,192,194,187,189,194,198,188,185,182,179,188,188,170,164,161,159,157,153,149,143,144,141,142,144,133,117,108,112,123,121,117,117,117,118,120,125,125,117,113,116,117,131,149,138,139,142,155,165,175,179,175],""all_points_y"":[95,99,106,110,123,140,157,174,190,197,225,257,287,297,321,346,359,374,388,391,359,322,287,275,259,279,296,322,337,361,379,391,393,385,372,359,331,302,281,256,230,203,186,173,162,139,120,107,95,90,79,63,51,47,45,57,75,87]}","{""action"":""stand""}"
114.jpg,82876,"{}",4,1,"{""name"":""polygon"",""all_points_x"":[273,282,291,298,301,299,295,288,289,287,296,301,301,293,297,297,302,301,288,280,277,273,266,261,252,248,240,238,231,235,233,214,200,197,209,215,216,219,207,210,213,219,216,203,205,209,221,236,238,233,239,246,257,266,271,274,269],""all_points_y"":[87,95,99,108,128,149,162,163,181,207,244,275,285,293,326,354,375,393,395,381,343,306,288,281,253,287,294,319,343,363,377,385,387,375,360,335,305,291,281,258,221,193,170,161,134,111,96,89,78,61,45,40,39,45,60,73,84]}","{""action"":""stand""}"
114.jpg,82876,"{}",4,2,"{""name"":""polygon"",""all_points_x"":[373,380,393,399,401,399,395,388,383,387,390,393,397,401,389,388,389,387,391,385,370,367,369,370,363,357,351,347,345,344,344,345,339,325,317,308,314,323,323,323,322,310,306,315,315,320,321,322,309,307,313,315,330,339,337,335,333,339,355,365,371,373,370,369],""all_points_y"":[111,115,119,127,144,161,177,185,185,199,222,247,277,295,301,325,351,368,385,403,404,379,347,313,300,290,268,291,312,343,364,381,388,397,398,390,375,361,345,312,299,293,286,265,240,209,198,177,172,151,135,121,117,113,100,85,69,61,57,61,75,91,101,112]}","{""action"":""stand""}"
114.jpg,82876,"{}",4,3,"{""name"":""polygon"",""all_points_x"":[480,489,497,496,497,497,493,486,485,485,487,487,487,487,488,484,484,485,489,477,465,459,461,456,447,433,430,426,424,425,412,399,393,404,405,405,405,405,411,414,417,402,405,412,421,435,441,435,435,437,447,460,466,474,473,469,469],""all_points_y"":[119,122,131,141,157,173,186,196,211,221,240,277,302,312,339,363,379,392,407,412,407,382,343,318,301,309,329,355,379,393,405,405,393,368,343,317,303,284,243,207,186,181,157,133,122,117,111,93,78,65,59,62,66,79,93,100,115]}","{""action"":""stand""}"
115.jpg,62267,"{}",1,0,"{""name"":""polygon"",""all_points_x"":[481,511,529,543,552,552,559,559,559,563,577,588,577,549,524,517,520,511,508,492,481,470,452,442,447,463,459,445,434,420,416,420,440,484,304,295,290,295,284,281,282,282,290,295,291,270,257,231,213,173,156,123,100,84,84,114,143,179,197,211,234,238,241,254,265,295,315,306,295,291,307,332,359,386,409,427,434,425,420,415],""all_points_y"":[209,236,270,318,372,434,497,536,576,617,643,670,695,708,685,652,601,527,477,436,395,416,449,483,527,581,629,661,692,738,795,845,876,933,937,878,828,779,720,645,588,533,470,416,379,409,438,477,509,545,585,626,638,613,585,563,509,443,404,372,327,288,252,220,195,193,182,152,122,75,45,23,16,27,43,77,100,122,145,161]}","{""action"":""stand""}"
116.jpg,391666,"{}",2,0,"{""name"":""polygon"",""all_points_x"":[606,629,658,676,690,699,707,699,680,660,633,615,612,600,590,557,485,444,427,462,489,452,448,438,462,493,508,499,495,489,452,462,450,417,386,380,392,432,466,489,491,499,497,485,481,489,499,528,565,594,600,594],""all_points_y"":[173,203,243,298,360,427,493,530,551,610,670,717,795,865,919,933,933,933,917,900,871,861,783,686,614,567,538,493,415,395,384,349,327,341,327,310,282,280,290,294,259,224,208,173,152,117,92,76,80,95,121,152]}","{""action"":""stand""}"
116.jpg,391666,"{}",2,1,"{""name"":""polygon"",""all_points_x"":[444,409,372,337,288,279,290,298,314,321,300,277,288,298,294,292,288,317,343,317,255,228,216,212,193,168,148,158,138,103,88,84,113,146,166,134,109,97,99,111,115,123,138,146,152,144,154,179,205,226,238,251,259,255,240,249,267,327,380,413,450,454],""all_points_y"":[368,384,399,403,399,397,454,503,551,594,600,614,668,730,783,843,880,896,917,931,929,921,859,793,832,849,871,894,906,886,849,810,785,742,713,654,590,547,495,415,364,302,286,267,238,212,187,173,173,175,197,224,247,257,269,288,298,317,329,341,335,360]}","{""action"":""stand""}"